致命魔术,,,,,
盗梦空间 Inception,致命魔术,,,,
致命魔术,,,,,
致命魔术,,,,,
致命魔术,,,,,
致命魔术,,,,,
恐怖游轮,,,,,
致命魔术,恐怖游轮,,,,
恐怖游轮,,,,,
致命魔术 The Prestige,,,,,
恐怖游轮,,,,,
致命魔术,,,,,
恐怖游轮,,,,,
致命魔术,恐怖游轮,,,,
赎罪 Atonement,,,,,
致命魔术,,,,,
赛末点 Match Point,,,,,
致命魔术,,,,,
恐怖游轮,,,,,
哈利·波特与火焰杯,,,,,
致命魔术,,,,,
恐怖游轮,,,,,
致命魔术,,,,,
致命魔术,,,,,
致命魔术,,,,,
恐怖游轮,,,,,
恐怖游轮,,,,,
神探夏洛克：最后的誓言 Sherlock: His Last Vow,神探夏洛克：可恶的新娘,致命魔术,,,
致命魔术,恐怖游轮,,,,
致命魔术,,,,,
大卫·戈尔的一生 The Life of David Gale,,,,,
恐怖游轮,,,,,
致命魔术,,,,,
热血警探,,,,,
致命魔术,恐怖游轮,,,,
尼罗河上的惨案,啤酒谋杀案,,,,
东方快车谋杀案,啤酒谋杀案,,,,
致命魔术,,,,,
恐怖游轮,,,,,
恐怖游轮,,,,,
热血警探 Hot Fuzz,,,,,
致命魔术,,,,,
锅匠，裁缝，士兵，间谍,,,,,
赛末点 Match Point,,,,,
热血警探,,,,,
阳光下的罪恶,啤酒谋杀案,,,,
热血警探,,,,,
猎凶风河谷,,,,,
恐怖游轮,,,,,
猎凶风河谷,,,,,
致命魔术,,,,,
尼罗河上的惨案 Poirot: Death on the Nile,阳光下的罪恶,啤酒谋杀案,东方快车谋杀案,葬礼之后,三幕悲剧
致命魔术,,,,,
猎凶风河谷,,,,,
致命魔术,神探夏洛克：可恶的新娘,,,,
热血警探,,,,,
猎凶风河谷 Wind River,,,,,
热血警探,,,,,
热血警探,,,,,
