记忆碎片,禁闭岛,,,,,
盗梦空间 Inception,源代码,禁闭岛,记忆碎片,,,
源代码,,,,,,
记忆碎片,禁闭岛,,,,,
记忆碎片,禁闭岛,,,,,
记忆碎片,禁闭岛,大卫·戈尔的一生,,,,
记忆碎片,禁闭岛,,,,,
禁闭岛 Shutter Island,记忆碎片,致命ID,,,,
蝴蝶效应 The Butterfly Effect,禁闭岛,记忆碎片,源代码,彗星来的那一夜,,
致命ID,禁闭岛,记忆碎片,电锯惊魂,,,
致命魔术 The Prestige,记忆碎片,禁闭岛,源代码,致命ID,,
记忆碎片,禁闭岛,致命ID,,,,
禁闭岛,致命ID,记忆碎片,小岛惊魂,万能钥匙,,
记忆碎片,禁闭岛,致命ID,,,,
记忆碎片,禁闭岛,网络谜踪,,,,
记忆碎片,禁闭岛,,,,,
源代码,,,,,,
记忆碎片,禁闭岛,,,,,
记忆碎片,致命ID,禁闭岛,,,,
记忆碎片 Memento,禁闭岛,,,,,
谍影重重3,,,,,,
源代码,,,,,,
谍影重重2,,,,,,
谍影重重3,,,,,,
巴斯特·斯克鲁格斯的歌谣 The Ballad of Buster Scruggs,,,,,,
大卫·戈尔的一生,记忆碎片,消失的爱人,网络谜踪,,,
赛末点 Match Point,,,,,,
谍影重重3,记忆碎片,,,,,
源代码,,,,,,
记忆碎片,禁闭岛,,,,,
记忆碎片,禁闭岛,致命ID,,,,
源代码,,,,,,
谍影重重3 The Bourne Ultimatum,谍影重重2,记忆碎片,禁闭岛,,,
谍影重重3,,,,,,
谍影重重2 The Bourne Supremacy,谍影重重3,记忆碎片,禁闭岛,,,
招魂,孤儿怨,电锯惊魂,致命ID,,,
谍影重重3,,,,,,
谍影重重 The Bourne Identity,谍影重重2,记忆碎片,禁闭岛,,,
惊天魔盗团,,,,,,
谍影重重3,,,,,,
记忆碎片,,,,,,
守望者 Watchmen,,,,,,
谍影重重3,,,,,,
谍影重重3,,,,,,
惊天魔盗团,,,,,,
谍影重重3,,,,,,
惊天魔盗团,,,,,,
惊天魔盗团,,,,,,
谍影重重3,,,,,,
谍影重重3,,,,,,
记忆碎片,禁闭岛,,,,,
大卫·戈尔的一生,局内人,,,,,
谍影重重3,,,,,,
源代码,,,,,,
招魂,死寂,,,,,
谍影重重3,,,,,,
"我，机器人 I, Robot",,,,,,
谍影重重3,,,,,,
网络谜踪,,,,,,
记忆碎片,禁闭岛,,,,,
记忆碎片,禁闭岛,,,,,
致命ID,禁闭岛,记忆碎片,电锯惊魂,,,
记忆碎片,禁闭岛,致命ID,,,,
记忆碎片,大卫·戈尔的一生,禁闭岛,,,,
禁闭岛,记忆碎片,网络谜踪,消失的爱人,,,
记忆碎片,禁闭岛,致命ID,,,,
记忆碎片,禁闭岛,,,,,
消失的爱人 Gone Girl,禁闭岛,记忆碎片,致命ID,,,
记忆碎片,禁闭岛,网络谜踪,,,,
大侦探福尔摩斯2：诡影游戏,记忆碎片,禁闭岛,网络谜踪,惊天魔盗团,,
记忆碎片,致命ID,禁闭岛,,,,
记忆碎片 Memento,禁闭岛,,,,,
大卫·戈尔的一生,记忆碎片,,,,,
记忆碎片,禁闭岛,大卫·戈尔的一生,,,,
谍影重重3,,,,,,
大卫·戈尔的一生,,,,,,
记忆碎片,大卫·戈尔的一生,禁闭岛,,,,
电锯惊魂,,,,,,
网络谜踪,记忆碎片,,,,,
大卫·戈尔的一生 The Life of David Gale,记忆碎片,禁闭岛,,,,
记忆碎片,,,,,,
致命ID,孤儿怨,电锯惊魂,,,,
记忆碎片,,,,,,
网络谜踪 Searching,记忆碎片,禁闭岛,消失的爱人,,,
谍影重重3,,,,,,
谍影重重3,,,,,,
记忆碎片,大卫·戈尔的一生,致命ID,禁闭岛,,,
禁闭岛,记忆碎片,,,,,
大卫·戈尔的一生,局内人,,,,,
记忆碎片,禁闭岛,,,,,
谍影重重3,,,,,,
黑洞频率 Frequency,源代码,,,,,
谍影重重3,,,,,,
致命ID,小岛惊魂,万能钥匙,,,,
囚徒,龙纹身的女孩,,,,,
网络谜踪,禁闭岛,记忆碎片,,,,
网络谜踪,,,,,,
网络谜踪,,,,,,
小岛惊魂,万能钥匙,幻影凶间,孤儿怨,,,
网络谜踪,,,,,,
记忆碎片,禁闭岛,网络谜踪,致命ID,,,
谍影重重3,,,,,,
大卫·戈尔的一生,记忆碎片,龙纹身的女孩,,,,
大卫·戈尔的一生,,,,,,
利刃出鞘 Knives Out,网络谜踪,记忆碎片,禁闭岛,,,
谍影重重3,,,,,,
龙纹身的女孩 The Girl with the Dragon Tattoo,记忆碎片,十二宫,禁闭岛,大卫·戈尔的一生,,
大卫·戈尔的一生,记忆碎片,龙纹身的女孩,囚徒,,,
赛末点 Match Point,,,,,,
网络谜踪,,,,,,
惊天魔盗团,,,,,,
网络谜踪,禁闭岛,,,,,
囚徒 Prisoners,十二宫,大卫·戈尔的一生,龙纹身的女孩,记忆碎片,,
捕蝇纸,,,,,,
局内人,,,,,,
劫匪,,,,,,
惊天魔盗团,,,,,,
惊天魔盗团,,,,,,
记忆碎片,禁闭岛,致命ID,万能钥匙,,,
谍影重重3,,,,,,
局内人,,,,,,
网络谜踪,,,,,,
惊天魔盗团 Now You See Me,惊天魔盗团2,禁闭岛,,,,
谍影重重2,,,,,,
记忆碎片,禁闭岛,,,,,
谍影重重2,,,,,,
神秘河 Mystic River,换子疑云,大卫·戈尔的一生,囚徒,,,
致命ID,小岛惊魂,万能钥匙,,,,
囚徒,,,,,,
大侦探福尔摩斯2：诡影游戏 Sherlock Holmes: A Game of Shadows,大侦探福尔摩斯,达·芬奇密码,记忆碎片,禁闭岛,龙纹身的女孩,惊天魔盗团
游戏之夜,,,,,,
十二宫,,,,,,
猎凶风河谷 Wind River,囚徒,,,,,
龙纹身的女孩,,,,,,
捕蝇纸 Flypaper,局内人,,,,,
