,title,director0,director1,director2,attr0,attr1,attr2,genre0,genre1,genre2,region0,lang0,lang1,lang2,ReleaseDate,rd0,rd1,rd2,rd3,rd4,rd5,rd6,rd7,rd8,rd9
0,控方证人 Witness for the Prosecution,比利·怀尔,unknown,unknown,泰隆·鲍华,玛琳·黛德丽,查尔斯·劳顿,剧情,悬疑,犯罪,美国,英语,unknown,unknown,1957,看不见的客人,控方证人,记忆碎片,禁闭岛,电话谋杀案,十二怒汉,追随,致命魔术,非常嫌疑犯,利刃出鞘
1,盗梦空间 Inception,克里斯托弗·诺,unknown,unknown,莱昂纳多·迪卡普里奥,约瑟夫·高登-莱维特,艾利奥特·佩吉,剧情,科幻,悬疑,美国,英语,unknown,unknown,2010,致命魔术,黑客帝国,源代码,蝴蝶效应,阿凡达,星际穿越,禁闭岛,记忆碎片,看不见的客人,头号玩家
2,窃听风暴 Das Leben der Anderen,弗洛里安·亨克尔·冯·多纳斯马尔,unknown,unknown,乌尔里希·穆埃,马蒂娜·格德克,塞巴斯蒂安·科赫,剧情,悬疑,unknown,德国,德语,unknown,unknown,2006,记忆碎片,控方证人,致命魔术,禁闭岛,看不见的客人,穆赫兰道,非常嫌疑犯,追随,十二怒汉,蝴蝶效应
3,控方证人 Witness for the Prosecution,艾伦·吉布,unknown,unknown,拉尔夫·理查德森,黛博拉·蔻儿,博·布里奇斯,剧情,悬疑,犯罪,美国,英语,unknown,unknown,1982,控方证人,东方快车谋杀案,尼罗河上的惨案,十二怒汉（电视版）,看不见的客人,记忆碎片,电话谋杀案,禁闭岛,非常嫌疑犯,利刃出鞘
4,红辣椒 パプリカ,今,unknown,unknown,林原惠美,江守彻,堀胜之祐,科幻,动画,悬疑,日本,日语,unknown,unknown,2006,千年女优,未麻的部屋,东京教父,幽灵公主,天空之城,大闹天宫,风之谷,攻壳机动队,哈尔的移动城堡,回忆三部曲
5,搏击俱乐部 Fight Club,大卫·芬,unknown,unknown,爱德华·诺顿,布拉德·皮特,海伦娜·伯翰·卡特,剧情,动作,悬疑,美国,英语,unknown,unknown,1999,记忆碎片,七宗罪,禁闭岛,致命魔术,控方证人,非常嫌疑犯,看不见的客人,穆赫兰道,杀人回忆,沉默的羔羊
6,惊魂记 Psycho,阿尔弗雷德·希区柯,unknown,unknown,安东尼·博金斯,维拉·迈尔斯,约翰·加文,悬疑,惊悚,恐怖,美国,英语,unknown,unknown,1960,后窗,迷魂记,电话谋杀案,闪灵,西北偏北,控方证人,群鸟,恐怖游轮,爱德华大夫,夺魂索
7,切腹,小林正,unknown,unknown,仲代达矢,石浜朗,岩下志麻,剧情,动作,悬疑,日本,日语,unknown,unknown,1962,椿三十郎,大菩萨岭,夺命剑,荒野大镖客,用心棒,黄昏双镖客,侍,影武者,关山飞渡,日落黄沙
8,禁闭岛 Shutter Island,马丁·斯科塞,unknown,unknown,莱昂纳多·迪卡普里奥,马克·鲁弗洛,本·金斯利,剧情,悬疑,惊悚,美国,英语,unknown,unknown,2010,记忆碎片,恐怖游轮,致命ID,看不见的客人,蝴蝶效应,七宗罪,穆赫兰道,第六感,控方证人,沉默的羔羊
9,蝴蝶效应 The Butterfly Effect,埃里克·布雷,unknown,unknown,阿什顿·库彻,梅洛拉·沃尔特斯,艾米·斯马特,剧情,科幻,悬疑,美国,英语,unknown,unknown,2004,禁闭岛,致命魔术,盗梦空间,记忆碎片,恐怖游轮,源代码,看不见的客人,彗星来的那一夜,穆赫兰道,七宗罪
10,致命魔术 The Prestige,克里斯托弗·诺,unknown,unknown,休·杰克曼,克里斯蒂安·贝尔,迈克尔·凯恩,剧情,悬疑,惊悚,英国,英语,unknown,unknown,2006,记忆碎片,禁闭岛,盗梦空间,蝴蝶效应,看不见的客人,控方证人,穆赫兰道,源代码,致命ID,利刃出鞘
11,杀人回忆 살인의 추억,奉俊,unknown,unknown,宋康昊,金相庆,金雷夏,剧情,动作,悬疑,韩国,韩语,unknown,unknown,2003,看不见的客人,恐怖直播,记忆碎片,七宗罪,禁闭岛,控方证人,致命ID,猫鼠游戏,沉默的羔羊,追击者
12,第六感 The Sixth Sense,M·奈特·沙马,unknown,unknown,布鲁斯·威利斯,海利·乔·奥斯蒙,托妮·科莱特,剧情,悬疑,惊悚,美国,英语,unknown,unknown,1999,恐怖游轮,禁闭岛,致命ID,记忆碎片,小岛惊魂,万能钥匙,闪灵,沉默的羔羊,蝴蝶效应,穆赫兰道
13,绿里奇迹 The Green Mile,弗兰克·德拉邦,unknown,unknown,汤姆·汉克斯,大卫·摩斯,迈克·克拉克·邓肯,剧情,悬疑,犯罪,美国,英语,unknown,unknown,1999,加勒比海盗,哈利·波特与密室,大鱼,指环王1：护戒使者,霍比特人1：意外之旅,少年派的奇幻漂流,致命魔术,本杰明·巴顿奇事,倩女幽魂,青蛇
14,追随 Following,克里斯托弗·诺,unknown,unknown,杰里米·西奥伯德,亚历克斯·霍,露西·拉塞尔,悬疑,惊悚,犯罪,英国,英语,unknown,unknown,1998,记忆碎片,非常嫌疑犯,控方证人,大卫·戈尔的一生,穆赫兰道,致命魔术,禁闭岛,一级恐惧,惊魂记,看不见的客人
15,看不见的客人 Contratiempo,奥里奥尔·保,unknown,unknown,马里奥·卡萨斯,阿娜·瓦格纳,何塞·科罗纳多,剧情,悬疑,惊悚,西班牙,西班牙语,unknown,unknown,2016,控方证人,禁闭岛,利刃出鞘,记忆碎片,致命魔术,网络谜踪,误杀,消失的爱人,杀人回忆,七宗罪
16,七宗罪 Se7en,大卫·芬,unknown,unknown,摩根·弗里曼,布拉德·皮特,凯文·史派西,剧情,悬疑,惊悚,美国,英语,unknown,unknown,1995,记忆碎片,禁闭岛,沉默的羔羊,致命ID,看不见的客人,杀人回忆,搏击俱乐部,非常嫌疑犯,恐怖游轮,猫鼠游戏
17,致命ID Identity,詹姆斯·曼高,unknown,unknown,约翰·库萨克,雷·利奥塔,阿曼达·皮特,剧情,悬疑,惊悚,美国,英语,unknown,unknown,2003,恐怖游轮,禁闭岛,记忆碎片,七宗罪,沉默的羔羊,万能钥匙,第六感,看不见的客人,蝴蝶效应,致命魔术
18,告白,中岛哲,unknown,unknown,松隆子,冈田将生,木村佳乃,剧情,悬疑,unknown,日本,日语,unknown,unknown,2010,记忆碎片,禁闭岛,致命ID,看不见的客人,恐怖游轮,杀人回忆,七宗罪,沉默的羔羊,控方证人,嫌疑人X的献身
19,哈利·波特与火焰杯 Harry Potter and the Goblet of Fire,迈克·内威,unknown,unknown,丹尼尔·雷德克里夫,艾玛·沃森,鲁伯特·格林特,悬疑,奇幻,冒险,英国,英语,unknown,unknown,2005,哈利·波特与密室,神奇动物在哪里,加勒比海盗,霍比特人1：意外之旅,指环王1：护戒使者,查理和巧克力工厂,少年派的奇幻漂流,奇异博士,头号玩家,倩女幽魂
20,电锯惊魂 Saw,温子,unknown,unknown,雷·沃纳尔,加利·艾尔维斯,丹尼·格洛弗,悬疑,惊悚,恐怖,美国,英语,unknown,unknown,2004,电锯惊魂2,恐怖游轮,死神来了,闪灵,死寂,致命ID,招魂,万能钥匙,沉默的羔羊,孤儿怨
21,谍影重重3 The Bourne Ultimatum,保罗·格林格拉,unknown,unknown,马特·达蒙,朱丽娅·斯蒂尔斯,大卫·斯特雷泽恩,动作,悬疑,惊悚,美国,英语,unknown,unknown,2007,谍影重重2,勇闯夺命岛,碟中谍,飓风营救,变脸,速度与激情5,终结者2：审判日,黑客帝国3：矩阵革命,记忆碎片,禁闭岛
22,罗生门 羅生門,黑泽,unknown,unknown,三船敏郎,京町子,森雅之,剧情,悬疑,犯罪,日本,日语,unknown,unknown,1950,控方证人,记忆碎片,后窗,穆赫兰道,惊魂记,追随,禁闭岛,西北偏北,十二怒汉,杀人回忆
23,电话谋杀案 Dial M for Murder,阿尔弗雷德·希区柯,unknown,unknown,雷·米兰德,格蕾丝·凯利,罗伯特·卡明斯,悬疑,惊悚,犯罪,美国,英语,unknown,unknown,1954,后窗,西北偏北,夺魂索,爱德华大夫,迷魂记,贵妇失踪记,火车怪客,惊魂记,三十九级台阶,深闺疑云
24,十二怒汉（电视版） Studio One: Twelve Angry Men,富兰克林·沙夫,unknown,unknown,罗伯特·卡明斯,法兰奇·汤恩,爱德华·阿诺德,剧情,悬疑,犯罪,美国,英语,unknown,unknown,1954,控方证人,十二怒汉,非常嫌疑犯,记忆碎片,看不见的客人,追随,禁闭岛,大卫·戈尔的一生,致命魔术,一级恐惧
25,神探夏洛克：最后的誓言 Sherlock: His Last Vow,尼克·赫,unknown,unknown,本尼迪克特·康伯巴奇,马丁·弗瑞曼,鲁珀特·格雷夫斯,剧情,悬疑,犯罪,英国,英语,unknown,unknown,2014,神探夏洛克：可恶的新娘,大侦探福尔摩斯2：诡影游戏,利刃出鞘,看不见的客人,控方证人,记忆碎片,禁闭岛,致命魔术,网络谜踪,惊天魔盗团
26,消失的爱人 Gone Girl,大卫·芬,unknown,unknown,本·阿弗莱克,裴淳华,尼尔·帕特里克·哈里斯,剧情,悬疑,惊悚,美国,英语,unknown,unknown,2014,看不见的客人,禁闭岛,记忆碎片,致命ID,七宗罪,控方证人,恐怖游轮,杀人回忆,沉默的羔羊,利刃出鞘
27,心迷宫,忻钰,unknown,unknown,霍卫民,王笑天,罗芸,剧情,悬疑,犯罪,中国大陆,国语,unknown,unknown,2014,看不见的客人,暴裂无声,控方证人,杀人回忆,记忆碎片,利刃出鞘,恐怖直播,禁闭岛,追随,网络谜踪
28,恐怖直播 더 테러 라이브,金秉,unknown,unknown,河正宇,李璟荣,全慧珍,剧情,悬疑,犯罪,韩国,韩语,unknown,unknown,2013,杀人回忆,看不见的客人,猫鼠游戏,记忆碎片,七宗罪,控方证人,追击者,致命ID,禁闭岛,心迷宫
29,记忆碎片 Memento,克里斯托弗·诺,unknown,unknown,盖·皮尔斯,凯瑞-安·莫斯,乔·潘托里亚诺,剧情,悬疑,惊悚,美国,英语,unknown,unknown,2000,禁闭岛,致命魔术,穆赫兰道,恐怖游轮,非常嫌疑犯,追随,看不见的客人,七宗罪,蝴蝶效应,控方证人
30,洛城机密 L.A. Confidential,柯蒂斯·汉,unknown,unknown,凯文·史派西,罗素·克劳,盖·皮尔斯,剧情,悬疑,惊悚,美国,英语,unknown,unknown,1997,非常嫌疑犯,王牌对王牌,一级恐惧,大卫·戈尔的一生,追随,火柴人,记忆碎片,控方证人,天才瑞普利,老无所依
31,谍影重重2 The Bourne Supremacy,保罗·格林格拉,unknown,unknown,马特·达蒙,布莱恩·考克斯,琼·艾伦,动作,悬疑,惊悚,美国,英语,unknown,unknown,2004,谍影重重3,勇闯夺命岛,碟中谍,飓风营救,变脸,速度与激情5,终结者2：审判日,黑客帝国3：矩阵革命,记忆碎片,禁闭岛
32,公民凯恩 Citizen Kane,奥逊·威尔,unknown,unknown,奥逊·威尔斯,约瑟夫·科顿,多萝西·康明戈尔,剧情,悬疑,unknown,美国,英语,unknown,unknown,1941,曼克,圣女贞德蒙难记,社交网络,莫扎特传,愤怒的公牛,阮玲玉,甘地传,末代皇帝,镜子,波西米亚狂想曲
33,斯隆女士 Miss Sloane,约翰·马,unknown,unknown,杰西卡·查斯坦,古古·姆巴塔-劳,约翰·利思戈,剧情,悬疑,unknown,美国,英语,unknown,unknown,2016,看不见的客人,利刃出鞘,网络谜踪,控方证人,特工,追随,大卫·戈尔的一生,致命魔术,罪恶之家,非常嫌疑犯
34,后窗 Rear Window,阿尔弗雷德·希区柯,unknown,unknown,詹姆斯·斯图尔特,格蕾丝·凯利,温戴尔·柯瑞,悬疑,惊悚,unknown,美国,英语,unknown,unknown,1954,迷魂记,西北偏北,电话谋杀案,惊魂记,爱德华大夫,夺魂索,蝴蝶梦,贵妇失踪记,三十九级台阶,火车怪客
35,谍影重重 The Bourne Identity,道格·里,unknown,unknown,马特·达蒙,弗朗卡·波滕特,克里斯·库珀,动作,悬疑,惊悚,美国,英语,unknown,unknown,2002,谍影重重2,勇闯夺命岛,碟中谍,飓风营救,变脸,速度与激情5,终结者2：审判日,黑客帝国3：矩阵革命,记忆碎片,禁闭岛
36,迷魂记 Vertigo,阿尔弗雷德·希区柯,unknown,unknown,詹姆斯·斯图尔特,金·诺瓦克,芭芭拉·贝尔·戈迪斯,爱情,悬疑,惊悚,美国,英语,unknown,unknown,1958,后窗,西北偏北,电话谋杀案,惊魂记,爱德华大夫,蝴蝶梦,夺魂索,贵妇失踪记,群鸟,三十九级台阶
37,蓝白红三部曲之红 Trois couleurs: Rouge,克日什托夫·基耶斯洛夫斯,unknown,unknown,伊莲娜·雅各布,让-路易·特兰蒂尼昂,弗雷德里奎·费德,剧情,爱情,悬疑,法国,法语,unknown,unknown,1994,蓝白红三部曲之蓝,两生花,乡愁,永恒和一日,新桥恋人,雾中风景,春天的故事,秋天的故事,对她说,花样年华
38,非常嫌疑犯 The Usual Suspects,布莱恩·辛,unknown,unknown,史蒂芬·鲍德温,加布里埃尔·伯恩,本尼西奥·德尔·托罗,悬疑,惊悚,犯罪,德国,德语,unknown,unknown,1995,记忆碎片,洛城机密,追随,一级恐惧,大卫·戈尔的一生,控方证人,七宗罪,穆赫兰道,王牌对王牌,禁闭岛
39,误杀瞒天记 Drishyam,尼西卡特·卡马,unknown,unknown,阿贾耶·德乌干,塔布,施芮娅·萨兰,剧情,悬疑,犯罪,印度,印地语,unknown,unknown,2015,看不见的客人,利刃出鞘,网络谜踪,控方证人,特工,杀人回忆,调音师,记忆碎片,蒙太奇,我是谁：没有绝对安全的系统
40,大卫·戈尔的一生 The Life of David Gale,艾伦·帕,unknown,unknown,凯文·史派西,凯特·温丝莱特,劳拉·琳妮,剧情,悬疑,犯罪,美国,英语,unknown,unknown,2003,非常嫌疑犯,追随,一级恐惧,记忆碎片,控方证人,洛城机密,看不见的客人,禁闭岛,穆赫兰道,七宗罪
41,守望者 Watchmen,扎克·施奈,unknown,unknown,帕特里克·威尔森,卡拉·古奇诺,比利·克鲁德普,动作,科幻,悬疑,美国,英语,unknown,unknown,2009,扎克·施奈德版正义联盟,黑客帝国2：重装上阵,蝙蝠侠：侠影之谜,X战警：逆转未来,终结者2：审判日,超人：钢铁之躯,我，机器人,银翼杀手,蜘蛛侠,变形金刚
42,恐怖游轮 Triangle,克里斯托弗·史密,unknown,unknown,梅利莎·乔治,利亚姆·海姆斯沃斯,迈克尔·多曼,剧情,悬疑,惊悚,英国,英语,unknown,unknown,2009,致命ID,禁闭岛,万能钥匙,闪灵,小岛惊魂,记忆碎片,第六感,孤儿怨,死神来了,沉默的羔羊
43,源代码 Source Code,邓肯·琼,unknown,unknown,杰克·吉伦哈尔,维拉·法米加,米歇尔·莫纳汉,科幻,悬疑,惊悚,美国,英语,unknown,unknown,2011,盗梦空间,黑客帝国,这个男人来自地球,蝴蝶效应,致命魔术,阿凡达,终结者2：审判日,第九区,明日边缘,彗星来的那一夜
44,血观音 血觀音,杨雅,unknown,unknown,惠英红,吴可熙,文淇,剧情,悬疑,unknown,中国台湾,国语,unknown,unknown,2017,看不见的客人,杀人回忆,控方证人,网络谜踪,暴裂无声,利刃出鞘,燃烧,心迷宫,目击者之追凶,猫鼠游戏
45,彗星来的那一夜 Coherence,詹姆斯·沃德·布柯,unknown,unknown,艾米丽·芭尔多尼,莫瑞·史特林,尼古拉斯·布兰登,科幻,悬疑,惊悚,美国,英语,unknown,unknown,2013,这个男人来自地球,蝴蝶效应,恐怖游轮,盗梦空间,源代码,致命魔术,记忆碎片,禁闭岛,看不见的客人,前目的地
46,神探,杜琪,unknown,unknown,刘青云,安志杰,林家栋,动作,悬疑,惊悚,中国香港,国语,unknown,unknown,2007,非常嫌疑犯,杀人回忆,记忆碎片,门徒,看不见的客人,追随,一级恐惧,七宗罪,猫鼠游戏,恐怖直播
47,网络谜踪 Searching,阿尼什·查甘,unknown,unknown,约翰·赵,米切尔·拉,黛博拉·梅辛,剧情,悬疑,惊悚,美国,英语,unknown,unknown,2018,看不见的客人,利刃出鞘,记忆碎片,控方证人,禁闭岛,特工,致命魔术,海市蜃楼,杀人回忆,消失的爱人
48,小姐 아가씨,朴赞,unknown,unknown,金敏喜,金泰梨,河正宇,剧情,悬疑,情色,韩国,韩语,unknown,unknown,2016,燃烧女子的肖像,阿黛尔的生活,卡罗尔,蓝宇,春光乍泄,谁先爱上他的,喜宴,请以你的名字呼唤我,断背山,面子
49,赎罪 Atonement,乔·赖,unknown,unknown,詹姆斯·麦卡沃伊,西尔莎·罗南,凯拉·奈特莉,剧情,爱情,悬疑,英国,英语,unknown,unknown,2007,爱在黎明破晓前,面纱,罗马假日,傲慢与偏见,恋恋笔记本,诺丁山,重庆森林,花样年华,成为简·奥斯汀,一天
50,心理游戏 マインド・ゲーム,汤浅政,unknown,unknown,今田耕司,藤井隆,山口智充,喜剧,动画,悬疑,日本,日语,unknown,unknown,2004,天才嘉年华,恶童,回忆三部曲,猫汤,东京教父,千年女优,落叶,红辣椒,悲伤的贝拉多娜,未麻的部屋
51,月球 Moon,邓肯·琼,unknown,unknown,山姆·洛克威尔,凯文·史派西,多米妮克·麦克艾丽戈特,剧情,科幻,悬疑,英国,英语,unknown,unknown,2009,这个男人来自地球,超时空接触,第九区,十二猴子,2001太空漫游,源代码,K星异客,黑客帝国3：矩阵革命,异次元骇客,千钧一发
52,一级恐惧 Primal Fear,格里高利·霍布里,unknown,unknown,理查·基尔,爱德华·诺顿,劳拉·琳妮,剧情,悬疑,犯罪,美国,英语,unknown,unknown,1996,非常嫌疑犯,记忆碎片,大卫·戈尔的一生,追随,洛城机密,致命ID,控方证人,七宗罪,禁闭岛,穆赫兰道
53,登堂入室 Dans la maison,弗朗索瓦·欧,unknown,unknown,法布莱斯·鲁奇尼,恩斯特·吴默埃,克里斯汀·斯科特·托马斯,剧情,悬疑,unknown,法国,法语,unknown,unknown,2012,追随,穆赫兰道,记忆碎片,控方证人,后窗,看不见的客人,禁闭岛,大卫·戈尔的一生,罪恶之家,致命魔术
54,尼罗河上的惨案 Death on the Nile,约翰·吉勒,unknown,unknown,彼得·乌斯蒂诺夫,简·伯金,洛伊丝·奇利斯,剧情,悬疑,犯罪,英国,英语,unknown,unknown,1978,阳光下的罪恶,东方快车谋杀案,尼罗河上的惨案,控方证人,电话谋杀案,啤酒谋杀案,后窗,爱德华大夫,西北偏北,看不见的客人
55,东方快车谋杀案 Murder on the Orient Express,西德尼·吕美,unknown,unknown,阿尔伯特·芬尼,劳伦·白考尔,马丁·鲍尔萨姆,剧情,悬疑,犯罪,英国,英语,unknown,unknown,1974,尼罗河上的惨案,阳光下的罪恶,控方证人,电话谋杀案,后窗,西北偏北,东方快车谋杀案,爱德华大夫,啤酒谋杀案,看不见的客人
56,巴斯特·斯克鲁格斯的歌谣 The Ballad of Buster Scruggs,伊桑·科,unknown,unknown,哈利·米尔林,佐伊·卡赞,连姆·尼森,剧情,喜剧,爱情,美国,英语,unknown,unknown,2018,大佛普拉斯,荒蛮故事,同学麦娜丝,两杆大烟枪,谋杀绿脚趾,杰出公民,八恶人,偷拐抢骗,方形,绅士们
57,穆赫兰道 Mulholland Dr.,大卫·林,unknown,unknown,娜奥米·沃茨,劳拉·哈灵,安·米勒,剧情,悬疑,惊悚,法国,法语,unknown,unknown,2001,记忆碎片,禁闭岛,致命魔术,恐怖游轮,非常嫌疑犯,追随,控方证人,惊魂记,蝴蝶效应,看不见的客人
58,王牌对王牌 The Negotiator,F·加里·格,unknown,unknown,塞缪尔·杰克逊,凯文·史派西,大卫·摩斯,剧情,动作,悬疑,美国,英语,unknown,unknown,1998,洛城机密,非常嫌疑犯,火柴人,一级恐惧,大卫·戈尔的一生,局内人,守法公民,十一罗汉,空中监狱,追随
59,嫌疑人X的献身 容疑者Xの献身,西谷,unknown,unknown,福山雅治,柴崎幸,堤真一,剧情,悬疑,犯罪,日本,日语,unknown,unknown,2008,盛夏的方程式,如月疑云,记忆碎片,看不见的客人,神探伽利略XX 内海薰最后的案...,控方证人,金色梦乡,禁闭岛,致命魔术,非常嫌疑犯
60,刺杀肯尼迪 JFK,奥利佛·斯,unknown,unknown,凯文·科斯特纳,茜茜·斯派塞克,汤米·李·琼斯,剧情,悬疑,惊悚,美国,英语,unknown,unknown,1991,芝加哥七君子审判,华盛顿邮报,非常嫌疑犯,追随,唐人街,西北偏北,控方证人,间谍之桥,洛城机密,慕尼黑
61,焦土之城 Incendies,丹尼斯·维伦纽,unknown,unknown,卢巴纳·阿兹巴尔,梅丽莎·德索蒙斯-波林,马克西姆·高德特,剧情,悬疑,战争,加拿大,英语,unknown,unknown,2010,1917,全金属外壳,光荣之路,波斯语课,从海底出击,西线无战事,黑皮书,暴雨将至,地下,无主之地
62,最佳出价 La migliore offerta,朱塞佩·托纳多,unknown,unknown,杰弗里·拉什,吉姆·斯特吉斯,西尔维娅·侯克斯,剧情,爱情,悬疑,意大利,意大利语,unknown,unknown,2013,看不见的客人,非常嫌疑犯,利刃出鞘,大卫·戈尔的一生,控方证人,记忆碎片,追随,消失的爱人,致命魔术,网络谜踪
63,暗花,游达,unknown,unknown,刘青云,梁朝伟,邵美琪,剧情,动作,悬疑,中国香港,国语,unknown,unknown,1998,黑社会,枪火,放·逐,黑金,一个字头的诞生,跛豪,机动部队,真心英雄,神探,喋血街头
64,换子疑云 Changeling,克林特·伊斯特伍,unknown,unknown,安吉丽娜·朱莉,盖特林·格里菲斯,米歇尔·冈,剧情,悬疑,惊悚,美国,英语,unknown,unknown,2008,记忆碎片,非常嫌疑犯,大卫·戈尔的一生,一级恐惧,追随,穆赫兰道,禁闭岛,龙纹身的女孩,洛城机密,致命魔术
65,杀死一只知更鸟 To Kill a Mockingbird,罗伯特·马利,unknown,unknown,格利高里·派克,约翰·梅根纳,弗兰克·奥弗顿,剧情,悬疑,犯罪,美国,英语,unknown,unknown,1962,西北偏北,电话谋杀案,控方证人,双重赔偿,唐人街,后窗,尼罗河上的惨案,东方快车谋杀案,爱德华大夫,M就是凶手
66,魔鬼代言人 The Devil's Advocate,泰勒·海克福,unknown,unknown,基努·里维斯,阿尔·帕西诺,查理兹·塞隆,剧情,悬疑,惊悚,美国,英语,unknown,unknown,1997,闪灵,小岛惊魂,禁闭岛,记忆碎片,一级恐惧,惊魂记,致命ID,第六感,沉默的羔羊,康斯坦丁
67,烈日灼心,曹保,unknown,unknown,邓超,段奕宏,郭涛,剧情,悬疑,犯罪,中国大陆,国语,unknown,unknown,2015,误杀,追凶者也,看不见的客人,猫鼠游戏,全民目击,杀人回忆,解救吾先生,无双,催眠大师,心迷宫
68,狗镇 Dogville,拉斯·冯·提,unknown,unknown,妮可·基德曼,哈里特·安德森,劳伦·白考尔,剧情,悬疑,惊悚,丹麦,丹麦语,unknown,unknown,2003,穆赫兰道,记忆碎片,追随,控方证人,后窗,禁闭岛,非常嫌疑犯,致命魔术,惊魂记,大卫·戈尔的一生
69,黑洞频率 Frequency,格里高利·霍布里,unknown,unknown,丹尼斯·奎德,吉姆·卡维泽,肖恩·多伊尔,科幻,悬疑,犯罪,美国,英语,unknown,unknown,2000,超时空接触,异次元骇客,十二猴子,K星异客,这个男人来自地球,月球,源代码,时空线索,前目的地,回到未来
70,卡里加里博士的小屋 Das Cabinet des Dr. Caligari,罗伯特·维,unknown,unknown,维尔纳·克劳斯,康拉德·韦特,弗里德里希·费赫尔,悬疑,恐怖,犯罪,德国,德语,unknown,unknown,1920,诺斯费拉图,罗斯玛丽的婴儿,怪谈,闪灵,怪房客,惊魂记,群鸟,着魔,橡皮头,迷魂记
71,老男孩 올드보이,朴赞,unknown,unknown,崔岷植,刘智泰,姜惠贞,剧情,动作,悬疑,韩国,韩语,unknown,unknown,2003,黄海,我要复仇,搏击俱乐部,杀人回忆,亲切的金子,追击者,记忆碎片,非常嫌疑犯,穆赫兰道,禁闭岛
72,超时空接触 Contact,罗伯特·泽米吉,unknown,unknown,吉娜·马隆,大卫·摩斯,朱迪·福斯特,剧情,科幻,悬疑,美国,英语,unknown,unknown,1997,这个男人来自地球,K星异客,异次元骇客,火星任务,深渊,2001太空漫游,十二猴子,回到未来,月球,第九区
73,异次元骇客 The Thirteenth Floor,约瑟夫·鲁斯纳,unknown,unknown,克雷格·比尔克,阿明·缪勒-斯塔尔,格瑞辰·摩尔,科幻,悬疑,惊悚,美国,英语,unknown,unknown,1999,超时空接触,十二猴子,K星异客,移魂都市,这个男人来自地球,黑洞频率,月球,前目的地,千钧一发,少数派报告
74,蓝白红三部曲之白 Trois couleurs: Blanc,克日什托夫·基耶斯洛夫斯,unknown,unknown,泽比纽·扎马洲斯基,朱莉·德尔佩,扬努斯·加约斯,剧情,喜剧,爱情,法国,法语,unknown,unknown,1994,蓝白红三部曲之蓝,两生花,新桥恋人,乡愁,永恒和一日,对她说,祖与占,春天的故事,秋天的故事,花样年华
75,电锯惊魂2 Saw II,达伦·林恩·鲍斯,unknown,unknown,托宾·贝尔,肖妮·史密斯,唐尼·沃尔伯格,悬疑,惊悚,恐怖,美国,英语,unknown,unknown,2005,电锯惊魂3,死神来了,死寂,寂静岭,招魂,闪灵,万能钥匙,潜伏,孤儿怨,恐怖游轮
76,潜行者 Сталкер,安德烈·塔可夫斯,unknown,unknown,亚历山大·凯伊达诺夫斯基,阿丽萨·弗雷因德利赫,安纳托利·索洛尼岑,剧情,科幻,悬疑,苏联,俄语,unknown,unknown,1979,飞向太空,大都会,阿尔法城,2001太空漫游,乡愁,银色星球,直到世界尽头,错位,银翼杀手,妙想天开
77,调音师 Andhadhun,斯里兰姆·拉格,unknown,unknown,阿尤斯曼·库拉纳,塔布,拉迪卡·艾普特,喜剧,悬疑,惊悚,印度,印地语,unknown,unknown,2018,看不见的客人,利刃出鞘,误杀,控方证人,网络谜踪,禁闭岛,无双,记忆碎片,心迷宫,杀人回忆
78,暴裂无声,忻钰,unknown,unknown,宋洋,姜武,袁文康,剧情,悬疑,犯罪,中国大陆,国语,unknown,unknown,2017,心迷宫,看不见的客人,杀人回忆,利刃出鞘,网络谜踪,追凶者也,控方证人,烈日灼心,猫鼠游戏,无双
79,天才枪手 ฉลาดเกมส์โกง,纳塔吾·彭皮里,unknown,unknown,茱蒂蒙·琼查容苏因,查侬·散顶腾古,依莎亚·贺苏汪,剧情,悬疑,犯罪,泰国,泰语,unknown,unknown,2017,猫鼠游戏,误杀,看不见的客人,湄公河行动,无双,恐怖直播,杀人回忆,烈日灼心,暴裂无声,网络谜踪
80,孤儿怨 Orphan,佐米·希尔,unknown,unknown,维拉·法米加,彼得·萨斯加德,伊莎贝拉·弗尔曼,悬疑,惊悚,恐怖,美国,英语,unknown,unknown,2009,死寂,招魂,闪灵,万能钥匙,小岛惊魂,寂静岭,恐怖游轮,死神来了,潜伏,鬼影
81,罪恶之家 An Inspector Calls,艾斯林·沃,unknown,unknown,大卫·休里斯,米兰达·理查森,苏菲·兰朵,剧情,悬疑,unknown,英国,英语,unknown,unknown,2015,看不见的客人,追随,非常嫌疑犯,大卫·戈尔的一生,控方证人,记忆碎片,利刃出鞘,网络谜踪,一级恐惧,我是谁：没有绝对安全的系统
82,目击者之追凶 目擊者,程伟,unknown,unknown,庄凯勋,许玮甯,柯佳嬿,悬疑,惊悚,犯罪,中国台湾,国语,unknown,unknown,2017,看不见的客人,特工,网络谜踪,神探,蒙太奇,利刃出鞘,杀人回忆,心迷宫,我是谁：没有绝对安全的系统,非常嫌疑犯
83,小岛惊魂 The Others,亚历杭德罗·阿梅纳瓦,unknown,unknown,妮可·基德曼,菲奥纽拉·弗拉纳根,克里斯托弗·埃克莱斯顿,剧情,悬疑,恐怖,美国,英语,unknown,unknown,2001,万能钥匙,闪灵,死寂,恐怖游轮,招魂,孤儿怨,寂静岭,潜伏,幻影凶间,死神来了
84,飞向太空 Солярис,安德烈·塔可夫斯,unknown,unknown,纳塔莉亚·邦达尔丘克,多纳塔斯•奥威戴斯,尤里·贾维特,剧情,科幻,悬疑,苏联,俄语,unknown,unknown,1972,潜行者,大都会,阿尔法城,2001太空漫游,错位,直到世界尽头,银翼杀手,银色星球,超时空接触,堤
85,放大 Blow-Up,米开朗基罗·安东尼奥,unknown,unknown,瓦妮莎·雷德格雷夫,莎拉·米尔斯,戴维·海明斯,剧情,悬疑,惊悚,英国,英语,unknown,unknown,1966,鲸鱼马戏团,撒旦探戈,第三人,后窗,西北偏北,迷魂记,奇遇,唐人街,审判,乡村牧师日记
86,"我，机器人 I, Robot",亚历克斯·普罗亚,unknown,unknown,威尔·史密斯,布里吉特·莫伊纳汉,艾伦·图代克,动作,科幻,悬疑,美国,英语,unknown,unknown,2004,我是传奇,黑客帝国2：重装上阵,终结者,变形金刚,第五元素,独立日,第九区,黑衣人,少数派报告,侏罗纪公园
87,西北偏北 North by Northwest,阿尔弗雷德·希区柯,unknown,unknown,加里·格兰特,爱娃·玛丽·森特,詹姆斯·梅森,悬疑,惊悚,冒险,美国,英语,unknown,unknown,1959,爱德华大夫,后窗,电话谋杀案,贵妇失踪记,迷魂记,三十九级台阶,深闺疑云,夺魂索,火车怪客,擒凶记
88,母亲 마더,奉俊,unknown,unknown,金惠子,元斌,晋久,剧情,悬疑,惊悚,韩国,韩语,unknown,unknown,2009,杀人回忆,追击者,蒙太奇,那家伙的声音,特工,神探,黄海,恐怖直播,燃烧,追随
89,我是谁：没有绝对安全的系统 Who Am I - Kein System ist sicher,巴伦·博·欧达,unknown,unknown,汤姆·希林,埃利亚斯·穆巴里克,沃坦·维尔克·默林,悬疑,惊悚,犯罪,德国,德语,unknown,unknown,2014,看不见的客人,非常嫌疑犯,记忆碎片,利刃出鞘,一级恐惧,禁闭岛,网络谜踪,致命ID,控方证人,神探
90,十二猴子 Twelve Monkeys,特瑞·吉列,unknown,unknown,布鲁斯·威利斯,玛德琳·斯托,布拉德·皮特,科幻,悬疑,惊悚,美国,英语,unknown,unknown,1995,这个男人来自地球,异次元骇客,超时空接触,K星异客,月球,源代码,第九区,2001太空漫游,少数派报告,黑客帝国
91,唐人街 Chinatown,罗曼·波兰斯,unknown,unknown,杰克·尼科尔森,费·唐纳薇,约翰·休斯顿,剧情,悬疑,惊悚,美国,英语,unknown,unknown,1974,双重赔偿,第三人,西北偏北,M就是凶手,放大,电话谋杀案,后窗,马耳他之鹰,迷魂记,洛城机密
92,蝴蝶梦 Rebecca,阿尔弗雷德·希区柯,unknown,unknown,劳伦斯·奥利弗,琼·芳登,乔治·桑德斯,剧情,爱情,悬疑,美国,英语,unknown,unknown,1940,爱德华大夫,深闺疑云,贵妇失踪记,迷魂记,美人计,西北偏北,后窗,三十九级台阶,电话谋杀案,夺魂索
93,热血警探 Hot Fuzz,埃德加·赖,unknown,unknown,西蒙·佩吉,尼克·弗罗斯特,马丁·弗瑞曼,喜剧,悬疑,犯罪,英国,英语,unknown,unknown,2007,僵尸肖恩,世界尽头,偷拐抢骗,宿醉,杀手没有假期,微不足道,葬礼上的死亡,两杆大烟枪,疯狂的石头,秘密特工
94,金色梦乡 ゴールデンスランバー,中村义,unknown,unknown,堺雅人,竹内结子,吉冈秀隆,剧情,悬疑,unknown,日本,日语,unknown,unknown,2010,如月疑云,嫌疑人X的献身,重力小丑,乌鸦的拇指,染血将军的凯旋,白雪公主杀人事件,控方证人,看不见的客人,追随,利刃出鞘
95,利刃出鞘 Knives Out,莱恩·约翰,unknown,unknown,丹尼尔·克雷格,安娜·德·阿玛斯,克里斯·埃文斯,剧情,喜剧,悬疑,美国,英语,unknown,unknown,2019,看不见的客人,误杀,网络谜踪,控方证人,记忆碎片,禁闭岛,致命魔术,调音师,悬崖之上,海市蜃楼
96,云图 Cloud Atlas,汤姆·提克,unknown,unknown,汤姆·汉克斯,哈莉·贝瑞,吉姆·布劳德本特,剧情,科幻,悬疑,德国,德语,unknown,unknown,2012,这个男人来自地球,黑客帝国,星际迷航2：暗黑无界,源代码,2001太空漫游,盗梦空间,X战警：逆转未来,阿凡达,第九区,降临
97,双重赔偿 Double Indemnity,比利·怀尔,unknown,unknown,弗莱德·麦克莫瑞,芭芭拉·斯坦威克,爱德华·罗宾逊,剧情,悬疑,惊悚,美国,英语,unknown,unknown,1944,第三人,唐人街,电话谋杀案,M就是凶手,西北偏北,马耳他之鹰,日落大道,火车怪客,历劫佳人,后窗
98,未知死亡 Ghajini,A.R.目虏古多,unknown,unknown,阿米尔·汗,缇努·阿南德,阿辛,剧情,动作,爱情,印度,印地语,unknown,unknown,2008,为爱毁灭,罗马假日,未知死亡,幻影车神：魔盗激情,印度往事,谍影重重3,恋恋笔记本,泰坦尼克号,飓风营救,记忆碎片
99,爱德华大夫 Spellbound,阿尔弗雷德·希区柯,unknown,unknown,英格丽·褒曼,格利高里·派克,迈克尔·契诃夫,爱情,悬疑,黑色电影,美国,英语,unknown,unknown,1945,贵妇失踪记,深闺疑云,三十九级台阶,西北偏北,美人计,蝴蝶梦,擒凶记,电话谋杀案,火车怪客,夺魂索
100,龙纹身的女孩 The Girl with the Dragon Tattoo,大卫·芬,unknown,unknown,丹尼尔·克雷格,鲁妮·玛拉,克里斯托弗·普卢默,剧情,悬疑,惊悚,美国,英语,unknown,unknown,2011,锅匠，裁缝，士兵，间谍,记忆碎片,十二宫,非常嫌疑犯,穆赫兰道,七宗罪,追随,一级恐惧,禁闭岛,大卫·戈尔的一生
101,黑暗面 La cara oculta,安德烈斯·拜,unknown,unknown,基姆·古铁雷斯,克拉拉·拉戈,玛蒂娜·加西亚,剧情,悬疑,惊悚,哥伦比亚,西班牙语,unknown,unknown,2011,万能钥匙,恐怖游轮,小岛惊魂,禁闭岛,看不见的客人,女尸谜案,致命ID,记忆碎片,海市蜃楼,逃出绝命镇
102,谜一样的双眼 El secreto de sus ojos,胡安·何塞·坎帕内利,unknown,unknown,里卡多·达林,索蕾达·维拉米尔,巴勃罗·拉戈,剧情,爱情,悬疑,阿根廷,西班牙语,unknown,unknown,2009,非常嫌疑犯,追随,大卫·戈尔的一生,洛城机密,记忆碎片,一级恐惧,影子写手,穆赫兰道,龙纹身的女孩,囚徒
103,赛末点 Match Point,伍迪·艾,unknown,unknown,乔纳森·莱斯·梅耶斯,斯嘉丽·约翰逊,马修·古迪,剧情,爱情,悬疑,英国,英语,unknown,unknown,2005,午夜巴塞罗那,曼哈顿,爱在日落黄昏时,安妮·霍尔,偷心,诺丁山,当哈利遇到莎莉,面纱,和莎莫的500天,甜蜜蜜
104,电锯惊魂3 Saw III,达伦·林恩·鲍斯,unknown,unknown,托宾·贝尔,肖妮·史密斯,安古斯·麦克菲登,悬疑,惊悚,恐怖,美国,英语,unknown,unknown,2006,电锯惊魂4,死神来了,死寂,寂静岭,招魂,潜伏,闪灵,万能钥匙,咒怨,孤儿怨
105,无双 無雙,庄文,unknown,unknown,周润发,郭富城,张静初,剧情,动作,悬疑,中国大陆,国语,unknown,unknown,2018,看不见的客人,误杀,利刃出鞘,猫鼠游戏,网络谜踪,烈日灼心,调音师,湄公河行动,暴裂无声,杀人回忆
106,阳光下的罪恶 Evil Under the Sun,盖伊·汉弥尔,unknown,unknown,彼得·乌斯蒂诺夫,玛吉·史密斯,科林·布莱克利,悬疑,犯罪,unknown,英国,英语,unknown,unknown,1982,尼罗河上的惨案,东方快车谋杀案,阳光下的罪恶,啤酒谋杀案,ABC谋杀案,电话谋杀案,悬崖山庄奇案,爱德华大夫,控方证人,死亡约会
107,囚徒 Prisoners,丹尼斯·维伦纽,unknown,unknown,休·杰克曼,杰克·吉伦哈尔,维奥拉·戴维斯,剧情,悬疑,犯罪,美国,英语,unknown,unknown,2013,夜行者,非常嫌疑犯,一级恐惧,十二宫,追随,大卫·戈尔的一生,宿敌,龙纹身的女孩,洛城机密,记忆碎片
108,燃烧 버닝,李沧,unknown,unknown,刘亚仁,史蒂文·元,全钟瑞,剧情,悬疑,犯罪,韩国,韩语,unknown,unknown,2018,特工,杀人回忆,看不见的客人,控方证人,利刃出鞘,网络谜踪,禁闭岛,血观音,暴裂无声,心迷宫
109,万能钥匙 The Skeleton Key,伊恩·索夫特,unknown,unknown,凯特·哈德森,吉娜·罗兰兹,约翰·赫特,剧情,悬疑,恐怖,美国,英语,unknown,unknown,2005,小岛惊魂,恐怖游轮,死寂,孤儿怨,闪灵,寂静岭,招魂,死神来了,致命ID,潜伏
110,招魂 The Conjuring,温子,unknown,unknown,维拉·法米加,帕特里克·威尔森,莉莉·泰勒,悬疑,惊悚,恐怖,美国,英语,unknown,unknown,2013,招魂2,死寂,潜伏,闪灵,寂静岭,死神来了,鬼影,孤儿怨,小岛惊魂,咒怨
111,12怒汉：大审判 12,尼基塔·米哈尔科,unknown,unknown,谢尔盖·马科韦茨基,尼基塔·米哈尔科夫,谢尔盖·加尔马什,剧情,悬疑,unknown,俄罗斯,俄语,unknown,unknown,2007,非常嫌疑犯,记忆碎片,追随,穆赫兰道,大卫·戈尔的一生,禁闭岛,谜一样的双眼,一级恐惧,七宗罪,洛城机密
112,前目的地 Predestination,迈克尔·斯派,unknown,unknown,伊桑·霍克,莎拉·斯努克,诺亚·泰勒,科幻,悬疑,unknown,澳大利亚,英语,unknown,unknown,2014,十二猴子,这个男人来自地球,异次元骇客,彗星来的那一夜,源代码,机械姬,明日边缘,致命魔术,月球,蝴蝶效应
113,不良教育 La mala educación,佩德罗·阿莫多,unknown,unknown,盖尔·加西亚·贝纳尔,费雷·马丁内兹,丹尼尔·希梅内斯·卡乔,剧情,悬疑,惊悚,西班牙,西班牙语,unknown,unknown,2004,欲望法则,时光驻留,每分钟120击,迷情站台,雾港水手,痛苦与荣耀,莫里斯,我自己的爱达荷,烈焰焚币,天鹅绒金矿
114,大开眼戒 Eyes Wide Shut,斯坦利·库布里,unknown,unknown,汤姆·克鲁斯,妮可·基德曼,麦迪逊·埃金顿,剧情,悬疑,惊悚,英国,英语,unknown,unknown,1999,本能,白日美人,不羁夜,女性瘾者：第一部,苦月亮,洛丽塔,戏梦巴黎,性、谎言和录像带,放大,穆赫兰道
115,东方快车谋杀案 Poirot: Murder on the Orient Express,菲利普·马,unknown,unknown,大卫·苏切,艾琳·阿特金斯,杰西卡·查斯坦,剧情,悬疑,犯罪,英国,英语,unknown,unknown,2010,尼罗河上的惨案,阳光下的罪恶,ABC谋杀案,啤酒谋杀案,东方快车谋杀案,怪钟疑案,三幕悲剧,万圣节前夜的谋杀案,悬崖山庄奇案,帷幕：波洛的最后一案
116,群鸟 The Birds,阿尔弗雷德·希区柯,unknown,unknown,罗德·泰勒,杰西卡·坦迪,苏珊娜·普莱舍特,悬疑,惊悚,灾难,美国,英语,unknown,unknown,1963,迷魂记,后窗,爱德华大夫,惊魂记,深闺疑云,贵妇失踪记,三十九级台阶,夺魂索,蝴蝶梦,火车怪客
117,漫长的婚约 Un long dimanche de fiançailles,让-皮埃尔·热,unknown,unknown,奥黛丽·塔图,加斯帕德·尤利尔,多米尼克·皮侬,剧情,爱情,悬疑,法国,法语,unknown,unknown,2004,冷山,芳芳,浓情巧克力,只要在一起,两小无猜,面纱,对她说,走出非洲,午夜巴塞罗那,巴黎，我爱你
118,回归 Volver,佩德罗·阿莫多,unknown,unknown,佩内洛普·克鲁兹,卡门·毛拉,洛拉·杜埃尼亚斯,剧情,喜剧,悬疑,西班牙,西班牙语,unknown,unknown,2006,放大,八美图,唐人街,谜一样的双眼,穆赫兰道,后窗,泳池情杀案,不道德的审判,迷魂记,隐藏摄像机
119,真相至上 Nothing But the Truth,罗德·拉,unknown,unknown,凯特·贝金赛尔,马特·狄龙,维拉·法米加,剧情,悬疑,unknown,美国,英语,unknown,unknown,2008,影子写手,换子疑云,大卫·戈尔的一生,非常嫌疑犯,一级恐惧,谜一样的双眼,斯隆女士,追随,囚徒,失踪宝贝
120,第六感生死缘 Meet Joe Black,马丁·布莱斯,unknown,unknown,布拉德·皮特,安东尼·霍普金斯,克莱尔·弗兰妮,剧情,爱情,悬疑,美国,英语,unknown,unknown,1998,天使之城,人鬼情未了,诺丁山,西雅图未眠夜,云中漫步,恋恋笔记本,燃情岁月,罗马假日,爱在日落黄昏时,穿越时空爱上你
121,405谋杀案,沈耀,unknown,unknown,仲星火,徐敏,严翔,悬疑,惊悚,unknown,中国大陆,国语,unknown,unknown,1980,电话谋杀案,戴手铐的旅客,黑三角,尼罗河上的惨案,阳光下的罪恶,林中迷案,第三人,保密局的枪声,西北偏北,东方快车谋杀案
122,行骗天下JP：浪漫篇 コンフィデンスマンJP,田中,unknown,unknown,长泽雅美,东出昌大,小日向文世,喜剧,悬疑,unknown,日本,日语,unknown,unknown,2019,行骗天下JP：运势篇,我是大哥大 电影版,魔幻时刻,愚人节,盗钥匙的方法,摄影机不要停！,银魂2,极限职业,胜者即是正义 2014SP,帝一之国
123,心慌方 Cube,文森佐·纳塔,unknown,unknown,妮可·德波儿,妮基·瓜达尼,大卫·休莱特,科幻,悬疑,惊悚,加拿大,英语,unknown,unknown,1997,心慌方·零,万能钥匙,恐怖游轮,寂静岭,小岛惊魂,幻影凶间,死神来了,闪灵,死寂,致命ID
124,夺魂索 Rope,阿尔弗雷德·希区柯,unknown,unknown,约翰·道尔,法利·格兰杰,詹姆斯·斯图尔特,悬疑,惊悚,犯罪,美国,英语,unknown,unknown,1948,火车怪客,电话谋杀案,贵妇失踪记,爱德华大夫,西北偏北,擒凶记,三十九级台阶,深闺疑云,辣手摧花,后窗
125,如月疑云 キサラギ,佐藤祐,unknown,unknown,小栗旬,中山裕介,小出惠介,喜剧,悬疑,unknown,日本,日语,unknown,unknown,2007,金色梦乡,嫌疑人X的献身,乌鸦的拇指,白雪公主杀人事件,诈欺游戏 电影版,重力小丑,记忆碎片,控方证人,非常嫌疑犯,罪恶之家
126,招魂2 The Conjuring 2,温子,unknown,unknown,帕特里克·威尔森,维拉·法米加,麦迪逊·沃尔夫,剧情,悬疑,恐怖,加拿大,英语,unknown,unknown,2016,招魂,潜伏2,死寂,安娜贝尔2：诞生,寂静岭,闪灵,无名女尸,鬼影,咒怨,遗传厄运
127,祈祷落幕时 祈りの幕が下りる時,福泽克,unknown,unknown,阿部宽,松岛菜菜子,沟端淳平,剧情,悬疑,unknown,日本,日语,unknown,unknown,2018,网络谜踪,利刃出鞘,看不见的客人,麒麟之翼 新参者剧场版,嫌疑人X的献身,沉睡的森林,去年冬天与你分手,海市蜃楼,特工,误杀
128,怪形 The Thing,约翰·卡朋,unknown,unknown,库尔特·拉塞尔,威尔福德·布利姆雷,TK·卡特,科幻,悬疑,恐怖,美国,英语,unknown,unknown,1982,战栗黑洞,怪形前传,异形,驱魔人,罗斯玛丽的婴儿,变蝇人,闪灵,猛鬼街,极度深寒,寂静岭
129,本能 Basic Instinct,保罗·范霍,unknown,unknown,迈克尔·道格拉斯,莎朗·斯通,乔治·杜兹达扎,剧情,悬疑,惊悚,美国,英语,unknown,unknown,1992,大开眼戒,原罪,穆赫兰道,记忆碎片,禁闭岛,非常嫌疑犯,七宗罪,沉默的羔羊,白日美人,惊魂记
130,活埋 Buried,罗德里戈·科尔特,unknown,unknown,瑞安·雷诺兹,何塞·路易斯·加西亚·佩雷斯,罗伯特·帕特森,剧情,悬疑,惊悚,西班牙,西班牙语,unknown,unknown,2010,万能钥匙,恐怖游轮,小岛惊魂,幻影凶间,闪灵,寂静岭,禁闭岛,死神来了,致命ID,记忆碎片
131,尼罗河上的惨案 Poirot: Death on the Nile,安迪·威尔,unknown,unknown,大卫·苏切,詹姆斯·福克斯,爱玛·格里菲斯·马琳,剧情,悬疑,犯罪,英国,英语,unknown,unknown,2004,阳光下的罪恶,啤酒谋杀案,ABC谋杀案,东方快车谋杀案,尼罗河上的惨案,悬崖山庄奇案,H庄园的一次午餐,葬礼之后,高尔夫球场的疑云,三幕悲剧
132,人猿星球 Planet of the Apes,富兰克林·沙夫,unknown,unknown,查尔顿·赫斯顿,罗迪·麦克道尔,金·亨特,科幻,悬疑,冒险,美国,英语,unknown,unknown,1968,逃离猩球,猩球征服,失陷猩球,决战猩球,超时空接触,大都会,十二猴子,这个男人来自地球,回到未来,深渊
133,全民目击,非,unknown,unknown,孙红雷,余男,郭富城,剧情,悬疑,犯罪,中国大陆,国语,unknown,unknown,2013,催眠大师,误杀,看不见的客人,记忆大师,烈日灼心,十二公民,追凶者也,无双,唐人街探案,杀人回忆
134,惊天魔盗团 Now You See Me,路易斯·莱特里,unknown,unknown,杰西·艾森伯格,艾拉·菲舍尔,伍迪·哈里森,剧情,悬疑,犯罪,美国,英语,unknown,unknown,2013,惊天魔盗团2,猫鼠游戏,催眠大师,看不见的客人,金蝉脱壳,致命魔术,利刃出鞘,七宗罪,速度与激情6,禁闭岛
135,杀生,管,unknown,unknown,黄渤,任达华,余男,剧情,悬疑,unknown,中国大陆,国语,unknown,unknown,2012,催眠大师,疯狂的赛车,斗牛,禁闭岛,十二公民,厨子戏子痞子,全民目击,看不见的客人,记忆大师,追凶者也
136,锅匠，裁缝，士兵，间谍 Tinker Tailor Soldier Spy,托马斯·阿尔弗莱德,unknown,unknown,加里·奥德曼,科林·费尔斯,汤姆·哈迪,剧情,悬疑,惊悚,英国,英语,unknown,unknown,2011,影子写手,龙纹身的女孩,大侦探福尔摩斯2：诡影游戏,记忆碎片,穆赫兰道,非常嫌疑犯,致命魔术,追随,禁闭岛,十二宫
137,逃出绝命镇 Get Out,乔丹·皮,unknown,unknown,丹尼尔·卡卢亚,艾莉森·威廉姆斯,凯瑟琳·基纳,悬疑,惊悚,恐怖,美国,英语,unknown,unknown,2017,万能钥匙,招魂,闪灵,恐怖游轮,死寂,小岛惊魂,潜伏,孤儿怨,死神来了,解除好友2：暗网
138,电锯惊魂6 Saw VI,凯文·格劳,unknown,unknown,托宾·贝尔,科斯塔斯·曼迪勒,马克·罗斯顿,悬疑,惊悚,恐怖,美国,英语,unknown,unknown,2009,电锯惊魂5,死神来了2,死寂,寂静岭,潜伏,招魂,万能钥匙,恐怖游轮,孤儿怨,幻影凶间
139,平原上的夏洛克,徐,unknown,unknown,徐朝英,张占义,宿树合,剧情,喜剧,悬疑,中国大陆,国语,unknown,unknown,2019,功夫,甲方乙方,疯狂的石头,有话好好说,摄影机不要停！,落叶归根,同学麦娜丝,爱情神话,追凶者也,无名之辈
140,死寂 Dead Silence,温子,unknown,unknown,唐尼·沃尔伯格,安贝·瓦莱塔,瑞恩·柯万腾,悬疑,恐怖,unknown,美国,英语,unknown,unknown,2007,招魂,潜伏,寂静岭,闪灵,鬼影,死神来了,咒怨,孤儿怨,幻影凶间,万能钥匙
141,白丝带 Das weiße Band – Eine deutsche Kindergeschichte,迈克尔·哈内,unknown,unknown,克里斯蒂安·富里道尔,恩斯特·雅各比,莉奥妮·贝尼希,剧情,悬疑,unknown,德国,德语,unknown,unknown,2009,隐藏摄像机,放大,鲸鱼马戏团,撒旦探戈,第三人,伊万的童年,再见，孩子们,唐人街,大幻影,影子部队
142,寻枪,陆,unknown,unknown,姜文,宁静,伍宇娟,剧情,悬疑,犯罪,中国大陆,国语,unknown,unknown,2002,神探,记忆碎片,杀人回忆,白日焰火,禁闭岛,追随,非常嫌疑犯,追凶者也,致命魔术,心迷宫
143,"名侦探柯南：章节ONE 变小的名侦探 名探偵コナン エピソード ""ONE"" 小さくなった名探偵",山本泰一,unknown,unknown,山口胜平,高山南,山崎和佳奈,动画,悬疑,unknown,日本,日语,unknown,unknown,2016,,,,,,,,,,
144,亡命天涯 The Fugitive,安德鲁·戴维,unknown,unknown,哈里森·福特,汤米·李·琼斯,雪拉·渥德,剧情,动作,悬疑,美国,英语,unknown,unknown,1993,空军一号,生死时速,虎胆龙威,断箭,勇闯夺命岛,空中监狱,国家公敌,真实的谎言,蒸发密令,浪人
145,神秘河 Mystic River,克林特·伊斯特伍,unknown,unknown,西恩·潘,蒂姆·罗宾斯,凯文·贝肯,剧情,悬疑,惊悚,美国,英语,unknown,unknown,2003,非常嫌疑犯,洛城机密,心理游戏,一级恐惧,换子疑云,大卫·戈尔的一生,谜一样的双眼,唐人街,追随,囚徒
146,唐人街探案,陈思,unknown,unknown,王宝强,刘昊然,佟丽娅,喜剧,动作,悬疑,中国大陆,国语,unknown,unknown,2015,唐人街探案2,羞羞的铁拳,夏洛特烦恼,人再囧途之泰囧,九品芝麻官,唐伯虎点秋香,人在囧途,功夫,催眠大师,西虹市首富
147,热泪伤痕 Dolores Claiborne,泰勒·海克福,unknown,unknown,凯西·贝茨,克里斯托弗·普卢默,大卫·斯特雷泽恩,剧情,悬疑,惊悚,美国,英语,unknown,unknown,1995,危情十日,无声言证,电话谋杀案,一级恐惧,不道德的审判,追随,大卫·戈尔的一生,谜一样的双眼,惊魂记,神秘河
148,电锯惊魂4 Saw IV,达伦·林恩·鲍斯,unknown,unknown,托宾·贝尔,科斯塔斯·曼迪勒,斯科特·帕特森,悬疑,惊悚,恐怖,美国,英语,unknown,unknown,2007,电锯惊魂5,死神来了2,寂静岭,死寂,咒怨,潜伏,招魂,幻影凶间,万能钥匙,闪灵
149,战略特勤组 Unthinkable,格雷格·乔,unknown,unknown,麦克·辛,塞缪尔·杰克逊,凯瑞-安·莫斯,剧情,悬疑,惊悚,美国,英语,unknown,unknown,2010,王牌对王牌,非常嫌疑犯,危情三日,局内人,狙击电话亭,囚徒,守法公民,洛城机密,一级恐惧,大卫·戈尔的一生
150,电锯惊魂5 Saw V,大卫·海克,unknown,unknown,托宾·贝尔,科斯塔斯·曼迪勒,斯科特·帕特森,悬疑,惊悚,恐怖,美国,英语,unknown,unknown,2008,电锯惊魂4,死神来了2,寂静岭,死寂,潜伏,咒怨,招魂,幻影凶间,万能钥匙,恐怖蜡像馆
151,移魂都市 Dark City,亚历克斯·普罗亚,unknown,unknown,卢夫斯·塞维尔,威廉·赫特,基弗·萨瑟兰,科幻,悬疑,惊悚,澳大利亚,英语,unknown,unknown,1998,异次元骇客,超时空接触,十二猴子,K星异客,深渊,这个男人来自地球,月球,少数派报告,黑洞频率,火星任务
152,电锯惊魂7 Saw 3D: The Final Chapter,凯文·格劳,unknown,unknown,托宾·贝尔,科斯塔斯·曼迪勒,贝茜·拉塞尔,悬疑,惊悚,恐怖,美国,英语,unknown,unknown,2010,电锯惊魂5,死神来了2,寂静岭,死寂,潜伏,招魂2,咒怨,幻影凶间,万能钥匙,恐怖游轮
153,大侦探福尔摩斯 Sherlock Holmes,盖·里,unknown,unknown,小罗伯特·唐尼,裘德·洛,瑞秋·麦克亚当斯,动作,悬疑,犯罪,美国,英语,unknown,unknown,2009,大侦探福尔摩斯2：诡影游戏,达·芬奇密码,记忆碎片,致命魔术,利刃出鞘,禁闭岛,惊天魔盗团,七宗罪,盗梦空间,风声
154,陆小凤传奇之陆小凤前传,邓衍,unknown,unknown,张智霖,张智尧,杨丽菁,剧情,动作,爱情,中国大陆,国语,unknown,unknown,2007,陆小凤传奇之铁鞋传奇,镖行天下之神武大炮,杨门女将之战地情缘,笑傲江湖2：东方不败,倚天屠龙记之魔教教主,新天龙八部之天山童姥,黄飞鸿,太极张三丰,六指琴魔,少林寺
155,寂静岭 Silent Hill,克里斯多夫·甘,unknown,unknown,拉达·米切尔,祖蒂·弗兰,肖恩·宾,悬疑,恐怖,unknown,加拿大,英语,unknown,unknown,2006,死寂,潜伏,咒怨,死神来了,幻影凶间,招魂,闪灵,鬼影,午夜凶铃,万能钥匙
156,独行杀手 Le samouraï,让-皮埃尔·梅尔维,unknown,unknown,阿兰·德龙,弗朗索瓦·佩里埃,娜塔莉·德龙,剧情,悬疑,惊悚,法国,法语,unknown,unknown,1967,红圈,扒手,怒海沉尸,大黎明,男人的争斗,杀手,法外之徒,通往绞刑架的电梯,眼线,钱
157,古畑任三郎完结篇 重生之死 古畑任三郎ファイナル 今、甦る死,星,unknown,unknown,田村正和,西村雅彦,石井正则,悬疑,犯罪,unknown,日本,日语,unknown,unknown,2006,古畑任三郎 VS SMAP,疑惑,圈套 特别篇,恶魔吹着笛子来,八墓村,犬神家族,女王蜂,伽利略特别篇,十万分之一的偶然,金田一少年事件簿之上海人鱼传说
158,时间旅行者的妻子 The Time Traveler's Wife,罗伯特·斯文,unknown,unknown,瑞秋·麦克亚当斯,艾瑞克·巴纳,阿莱克斯·费瑞斯,剧情,爱情,悬疑,美国,英语,unknown,unknown,2009,附注：我爱你,恋恋笔记本,触不到的恋人,天使之城,爱再来一次,人鬼情未了,他其实没那么喜欢你,诺丁山,和莎莫的500天,两小无猜
159,双瞳 雙瞳,陈国,unknown,unknown,梁家辉,刘若英,戴立忍,剧情,悬疑,惊悚,中国香港,国语,unknown,unknown,2002,僵尸,诡丝,三更,鬼影,潜伏,死寂,见鬼,闪灵,寂静岭,招魂
160,大侦探福尔摩斯2：诡影游戏 Sherlock Holmes: A Game of Shadows,盖·里,unknown,unknown,小罗伯特·唐尼,裘德·洛,瑞秋·麦克亚当斯,动作,悬疑,犯罪,美国,英语,unknown,unknown,2011,大侦探福尔摩斯,达·芬奇密码,致命魔术,记忆碎片,利刃出鞘,禁闭岛,神探夏洛克：可恶的新娘,龙纹身的女孩,惊天魔盗团,七宗罪
161,去年在马里昂巴德 L'année dernière à Marienbad,阿伦·雷,unknown,unknown,德菲因·塞里格,乔治·阿尔贝塔齐,萨夏·皮托埃夫,剧情,爱情,悬疑,法国,法语,unknown,unknown,1961,祖与占,广岛之恋,卡比利亚之夜,蚀,日出,夜,大路,亚特兰大号,奇遇,精疲力尽
162,猎凶风河谷 Wind River,泰勒·谢里,unknown,unknown,杰瑞米·雷纳,伊丽莎白·奥尔森,凯尔西·周,剧情,悬疑,犯罪,英国,英语,unknown,unknown,2017,赴汤蹈火,边境杀手,囚徒,特工,夜行者,套装,恐袭波士顿,老无所依,利刃出鞘,目击者之追凶
163,不朽的园丁 The Constant Gardener,费尔南多·梅里尔,unknown,unknown,拉尔夫·费因斯,蕾切尔·薇兹,哈勃·孔黛,剧情,悬疑,惊悚,英国,英语,unknown,unknown,2005,锅匠，裁缝，士兵，间谍,走出非洲,高斯福庄园,影子写手,英国病人,爱到尽头,神秘河,谜一样的双眼,面纱,奥斯卡与露辛达
164,妖夜慌踪 Lost Highway,大卫·林,unknown,unknown,比尔·普尔曼,帕特丽夏·阿奎特,巴萨扎·盖提,悬疑,惊悚,unknown,法国,法语,unknown,unknown,1997,内陆帝国,双峰：与火同行,穆赫兰道,放大,怪房客,罗斯玛丽的婴儿,迷魂记,惊魂记,闪灵,冷血惊魂
165,国家宝藏 National Treasure,乔·德特杜,unknown,unknown,尼古拉斯·凯奇,黛安·克鲁格,贾斯汀·巴萨,动作,悬疑,冒险,美国,英语,unknown,unknown,2004,国家宝藏：夺宝秘笈,勇闯夺命岛,碟中谍3,极速60秒,空中监狱,夺宝奇兵,古墓丽影,空军一号,虎胆龙威4,生死时速
166,悬崖之上,张艺,unknown,unknown,张译,于和伟,秦海璐,剧情,动作,悬疑,中国大陆,国语,unknown,unknown,2021,利刃出鞘,误杀,看不见的客人,扬名立万,禁闭岛,风声,控方证人,致命魔术,网络谜踪,无双
167,丁丁历险记 The Adventures of Tintin: The Secret of the Unicorn,史蒂文·斯皮尔伯,unknown,unknown,杰米·贝尔,安迪·瑟金斯,丹尼尔·克雷格,动作,动画,悬疑,美国,英语,unknown,unknown,2011,玩具总动员,赛车总动员,超级大坏蛋,马达加斯加3,穿靴子的猫,超人总动员,花木兰,美食总动员,功夫熊猫,闪电狗
168,催眠大师,陈正,unknown,unknown,徐峥,莫文蔚,胡静,悬疑,惊悚,unknown,中国大陆,国语,unknown,unknown,2014,记忆大师,看不见的客人,全民目击,禁闭岛,十二公民,致命魔术,利刃出鞘,风声,唐人街探案,恐怖游轮
169,白日焰火,刁亦,unknown,unknown,廖凡,桂纶镁,王学兵,剧情,悬疑,犯罪,中国大陆,国语,unknown,unknown,2014,南方车站的聚会,烈日灼心,追凶者也,杀人回忆,催眠大师,神探,全民目击,看不见的客人,暴裂无声,心迷宫
170,鬼影 ชัตเตอร์ กดติดวิญญาณ,班庄·比辛达拿,unknown,unknown,阿南达·爱华灵咸,娜特慧兰·塔美,阿西塔·西卡玛娜,悬疑,惊悚,恐怖,泰国,泰语,unknown,unknown,2004,死神的十字路口,厉鬼将映,咒怨,死寂,鬼乱5,潜伏,午夜凶铃,招魂,恶魔的艺术2：邪降,寂静岭
171,扫毒 掃毒,陈木,unknown,unknown,古天乐,张家辉,刘青云,剧情,动作,悬疑,中国大陆,国语,unknown,unknown,2013,门徒,毒战,窃听风云,寒战2,杀破狼,湄公河行动,新警察故事,使徒行者,速度与激情6,线人
172,杀人者的记忆法 살인자의 기억법,元新,unknown,unknown,薛景求,金南佶,金雪炫,剧情,悬疑,惊悚,韩国,韩语,unknown,unknown,2017,蒙太奇,不可饶恕,特工,记忆之夜,追击者,目击者之追凶,那家伙的声音,杀人回忆,邻居,电话
173,窃听风云2,麦兆,unknown,unknown,古天乐,刘青云,吴彦祖,剧情,动作,悬疑,中国香港,国语,unknown,unknown,2011,窃听风云,寒战,门徒,暗战,毒战,扫毒,枪王之王,无间道3：终极无间,线人,新警察故事
174,岁月风云之上海皇帝 歲月風雲之上海皇帝,潘文,unknown,unknown,吕良伟,郑则仕,徐锦江,剧情,悬疑,犯罪,中国香港,国语,unknown,unknown,1993,上海皇帝之雄霸天下,跛豪,四大家族之龙虎兄弟,五亿探长雷洛传1：雷老虎,黑金,黑社会,O记三合会档案,龙在边缘,江湖情,古惑仔之人在江湖
175,心理游戏 The Game,大卫·芬,unknown,unknown,迈克尔·道格拉斯,西恩·潘,黛博拉·卡拉·安格,剧情,动作,悬疑,美国,英语,unknown,unknown,1997,生死停留,记忆碎片,非常嫌疑犯,穆赫兰道,一级恐惧,机械师,十二宫,万能钥匙,禁闭岛,小岛惊魂
176,恶魔 Les Diaboliques,亨利-乔治·克鲁,unknown,unknown,西蒙·西涅莱,薇拉·克劳佐,保罗·默里斯,剧情,悬疑,惊悚,法国,法语,unknown,unknown,1955,恐惧的代价,第三人,乌鸦,双重赔偿,M就是凶手,桃色血案,电话谋杀案,足迹,唐人街,历劫佳人
177,海市蜃楼 Durante la tormenta,奥里奥尔·保,unknown,unknown,阿德里亚娜·乌加特,奇诺·达林,阿尔瓦罗·莫奇,科幻,悬疑,惊悚,西班牙,西班牙语,unknown,unknown,2018,看不见的客人,利刃出鞘,网络谜踪,禁闭岛,恐怖游轮,致命魔术,记忆碎片,彗星来的那一夜,蝴蝶效应,密室逃生
178,贵妇失踪记 The Lady Vanishes,阿尔弗雷德·希区柯,unknown,unknown,玛格丽特·洛克伍德,迈克尔·雷德格瑞夫,保罗·卢卡斯,喜剧,悬疑,惊悚,英国,英语,unknown,unknown,1938,深闺疑云,三十九级台阶,擒凶记,爱德华大夫,艳贼,辣手摧花,火车怪客,怪尸案,美人计,西北偏北
179,踏血寻梅 踏血尋梅,翁子,unknown,unknown,郭富城,春夏,白只,剧情,悬疑,犯罪,中国香港,国语,unknown,unknown,2015,神探,杀人回忆,门徒,追凶者也,白日焰火,烈日灼心,血观音,心迷宫,暴裂无声,看不见的客人
180,第三人 The Third Man,卡罗尔·里,unknown,unknown,约瑟夫·科顿,阿莉达·瓦利,奥逊·威尔斯,悬疑,惊悚,黑色电影,英国,英语,unknown,unknown,1949,马耳他之鹰,双重赔偿,放大,M就是凶手,唐人街,西北偏北,夜长梦多,历劫佳人,桃色血案,审判
181,捕蝇纸 Flypaper,罗伯·明可,unknown,unknown,帕特里克·德姆西,艾什莉·贾德,蒂姆·布雷克·尼尔森,喜剧,悬疑,犯罪,美国,英语,unknown,unknown,2011,微不足道,七个神经病,火柴人,宿醉,非常嫌疑犯,偷拐抢骗,热血警探,局内人,杀手没有假期,王牌对王牌
182,机械姬 Ex Machina,亚历克斯·加,unknown,unknown,艾丽西亚·维坎德,多姆纳尔·格里森,奥斯卡·伊萨克,科幻,悬疑,惊悚,英国,英语,unknown,unknown,2014,这个男人来自地球,降临,前目的地,我，机器人,十二猴子,明日边缘,银翼杀手2049,月球,普罗米修斯,第九区
183,分手的决心 헤어질 결심,朴赞,unknown,unknown,汤唯,朴海日,李贞贤,剧情,悬疑,犯罪,韩国,韩语,unknown,unknown,2022,花束般的恋爱,燃烧,利刃出鞘,看不见的客人,偶然与想象,杀人回忆,控方证人,智齿,爱情神话,南方车站的聚会
184,怒 怒り,李相,unknown,unknown,渡边谦,森山未来,松山研一,剧情,爱情,悬疑,日本,日语,unknown,unknown,2016,愚行录,嫌疑人X的献身,金色梦乡,白雪公主杀人事件,如月疑云,看不见的客人,去年冬天与你分手,燃烧,网络谜踪,每分钟120击
185,无声言证 Mute Witness,安东尼·威,unknown,unknown,玛丽娜·奇蒂娜 Marina Zudina,菲·雷普利,艾凡·里察斯,悬疑,惊悚,犯罪,俄罗斯,俄语,unknown,unknown,1995,危情十日,旧日噩梦,万能钥匙,小岛惊魂,女尸谜案,死路,罗斯玛丽的婴儿,黑暗面,当你熟睡,幻影凶间
186,非常公寓 L'appartement,吉勒斯·米莫,unknown,unknown,罗曼娜·波琳热,文森特·卡索,让-菲利普·艾科菲,剧情,爱情,悬疑,法国,法语,unknown,unknown,1996,极地恋人,对她说,芳芳,祖与占,午夜巴塞罗那,面纱,纯真年代,新桥恋人,爱在日落黄昏时,英国病人
187,局内人 Inside Man,斯派克·,unknown,unknown,丹泽尔·华盛顿,克里夫·欧文,朱迪·福斯特,剧情,悬疑,惊悚,美国,英语,unknown,unknown,2006,王牌对王牌,银行大劫案,非常嫌疑犯,洛城机密,火柴人,守法公民,破绽,训练日,神秘拼图,十一罗汉
188,幻影凶间 1408,米凯尔·哈弗斯特罗,unknown,unknown,约翰·库萨克,塞缪尔·杰克逊,托尼·夏尔赫布,悬疑,恐怖,奇幻,美国,英语,unknown,unknown,2007,寂静岭,死寂,潜伏,鬼影,小岛惊魂,万能钥匙,招魂,闪灵,死神来了,黑暗侵袭
189,电话 콜,李聪,unknown,unknown,朴信惠,全钟瑞,金成铃,剧情,悬疑,惊悚,韩国,韩语,unknown,unknown,2020,隐形人,恐怖游轮,万能钥匙,逃出绝命镇,解除好友2：暗网,记忆之夜,致命感应,招魂,孤儿怨,饥饿站台
190,魔女 마녀,朴勋,unknown,unknown,金多美,赵敏修,朴熙顺,动作,悬疑,unknown,韩国,韩语,unknown,unknown,2018,安娜,魔女2,升级,恶人传,从邪恶中拯救我,疾速追杀3,超体,犯罪都市2,孤胆特工,嫌疑人
191,福尔摩斯先生 Mr. Holmes,比尔·康,unknown,unknown,伊恩·麦克莱恩,劳拉·琳妮,真田广之,剧情,悬疑,犯罪,英国,英语,unknown,unknown,2015,锅匠，裁缝，士兵，间谍,大侦探福尔摩斯2：诡影游戏,罪恶之家,神探夏洛克：可恶的新娘,利刃出鞘,记忆碎片,致命魔术,看不见的客人,非常嫌疑犯,龙纹身的女孩
192,空中营救 Non-Stop,佐米·希尔,unknown,unknown,连姆·尼森,朱丽安·摩尔,斯科特·麦克纳里,动作,悬疑,惊悚,英国,英语,unknown,unknown,2014,飓风营救,金蝉脱壳,谍影重重3,碟中谍3,惊天危机,生死狙击,不明身份,速度与激情6,通勤营救,空中监狱
193,吾栖之肤 La piel que habito,佩德罗·阿莫多,unknown,unknown,安东尼奥·班德拉斯,埃伦娜·安纳亚,玛丽萨·帕雷德斯,剧情,悬疑,惊悚,西班牙,西班牙语,unknown,unknown,2011,穆赫兰道,龙纹身的女孩,万能钥匙,小岛惊魂,恐怖游轮,记忆碎片,惊魂记,孤儿怨,禁闭岛,黑暗面
194,鲸鱼马戏团 Werckmeister harmóniák,贝拉·塔,unknown,unknown,拉尔斯·鲁道夫,彼得·菲茨,汉娜·许古拉,剧情,悬疑,unknown,匈牙利,匈牙利语,unknown,unknown,2000,撒旦探戈,放大,来自伦敦的男人,第三人,审判,乡村牧师日记,隐藏摄像机,迷魂记,唐人街,M就是凶手
195,误杀,柯汶,unknown,unknown,肖央,谭卓,陈冲,剧情,悬疑,犯罪,中国大陆,国语,unknown,unknown,2019,看不见的客人,利刃出鞘,悬崖之上,调音师,无双,猫鼠游戏,唐人街探案,记忆大师,杀人回忆,全民目击
196,午夜凶铃 リング,中田秀,unknown,unknown,松岛菜菜子,真田广之,竹内结子,悬疑,恐怖,unknown,日本,日语,unknown,unknown,1998,咒怨,午夜凶铃2：贞子缠身,鬼影,鬼来电,山村老尸,寂静岭,死神来了,驱魔人,死寂,闪灵
197,断头谷 Sleepy Hollow,蒂姆·波,unknown,unknown,约翰尼·德普,克里斯蒂娜·里奇,米兰达·理查森,悬疑,恐怖,奇幻,美国,英语,unknown,unknown,1999,理发师陶德,夜访吸血鬼,寂静岭,惊情四百年,驱魔人,闪灵,来自地狱,死寂,小岛惊魂,秘窗
198,机械师 The Machinist,布拉德·安德,unknown,unknown,克里斯蒂安·贝尔,詹妮弗·杰森·李,艾塔娜·桑切斯-希洪,剧情,悬疑,惊悚,西班牙,西班牙语,unknown,unknown,2004,心理游戏,生死停留,记忆碎片,万能钥匙,穆赫兰道,小岛惊魂,非常嫌疑犯,禁闭岛,一级恐惧,恐怖游轮
199,谍影重重5 Jason Bourne,保罗·格林格拉,unknown,unknown,马特·达蒙,汤米·李·琼斯,艾丽西亚·维坎德,动作,悬疑,惊悚,美国,英语,unknown,unknown,2016,谍影重重2,碟中谍3,飓风营救,速度与激情4,生死狙击,疾速追杀2,美国队长3,王牌特工：特工学院,黑客帝国2：重装上阵,蝙蝠侠：侠影之谜
200,猎头游戏 Hodejegerne,莫滕·泰杜,unknown,unknown,阿卡塞尔·亨涅,西诺薇·玛考迪·伦德,尼古拉·科斯特-瓦尔道,悬疑,惊悚,犯罪,挪威,unknown,unknown,unknown,2011,女尸谜案,囚徒,无懈可击,非常嫌疑犯,我是谁：没有绝对安全的系统,一级恐惧,心理游戏,无声言证,黑暗面,大卫·戈尔的一生
201,藏獒多吉,小岛正,unknown,unknown,刘婧荦,阿兰,芒莱,剧情,动画,悬疑,中国大陆,国语,unknown,unknown,2011,魁拔之十万火急,猫的报恩,幽灵公主,九色鹿,风之谷,闪电狗,三个和尚,天空之城,白雪公主和七个小矮人,花木兰
202,魔术师 The Illusionist,尼尔·博,unknown,unknown,爱德华·诺顿,保罗·吉亚玛提,杰西卡·贝尔,剧情,爱情,悬疑,美国,英语,unknown,unknown,2006,致命魔术,心理游戏,生死停留,记忆碎片,天使之城,时间旅行者的妻子,穆赫兰道,非常嫌疑犯,一级恐惧,大侦探福尔摩斯
203,八美图 8 femmes,弗朗索瓦·欧,unknown,unknown,达尼埃尔·达里约,凯瑟琳·德纳芙,伊莎贝尔·于佩尔,喜剧,悬疑,歌舞,法国,法语,unknown,unknown,2002,泳池情杀案,高斯福庄园,尼罗河上的惨案,沙之下,放大,爱德华大夫,东方快车谋杀案,阳光下的罪恶,后窗,穆赫兰道
204,八面埋伏 Mindhunters,雷尼·哈,unknown,unknown,凯瑟琳·莫里斯,约翰尼·李·米勒,LL Cool J,剧情,悬疑,惊悚,荷兰,荷兰语,unknown,unknown,2004,万能钥匙,心理游戏,玩命记忆,小岛惊魂,生死停留,幻影凶间,恐怖游轮,豺狼计划,狙击电话亭,致命ID
205,血迷宫 Blood Simple,乔尔·科,unknown,unknown,约翰·盖兹,弗兰西斯·麦克多蒙德,丹·哈达亚,剧情,悬疑,惊悚,美国,英语,unknown,unknown,1984,冰血暴,唐人街,缺席的人,巴顿·芬克,双重赔偿,第三人,杀手,西北偏北,老无所依,独行杀手
206,十二宫 Zodiac,大卫·芬,unknown,unknown,杰克·吉伦哈尔,马克·鲁弗洛,安东尼·爱德华兹,剧情,悬疑,惊悚,美国,英语,unknown,unknown,2007,记忆碎片,非常嫌疑犯,龙纹身的女孩,心理游戏,一级恐惧,七宗罪,穆赫兰道,囚徒,禁闭岛,追随
207,咒怨 呪怨,清水,unknown,unknown,奥菜惠,伊东美咲,上原美佐,悬疑,恐怖,unknown,日本,日语,unknown,unknown,2002,咒怨2,午夜凶铃,鬼影,寂静岭,鬼来电,山村老尸,死寂,死神来了,潜伏,厉鬼将映
208,三十九级台阶 The 39 Steps,阿尔弗雷德·希区柯,unknown,unknown,罗伯特·多纳特,玛德琳·卡洛,露西·曼海姆,悬疑,惊悚,犯罪,英国,英语,unknown,unknown,1935,贵妇失踪记,深闺疑云,擒凶记,爱德华大夫,辣手摧花,火车怪客,艳贼,西北偏北,美人计,捉贼记
209,爱的成人式 イニシエーション・ラブ,堤幸,unknown,unknown,松田翔太,前田敦子,木村文乃,剧情,爱情,悬疑,日本,日语,unknown,unknown,2015,如月疑云,白雪公主杀人事件,嫌疑人X的献身,诈欺游戏 电影版,乌鸦的拇指,去年冬天与你分手,金色梦乡,愚行录,看不见的客人,花束般的恋爱
210,永无止境 Limitless,尼尔·博,unknown,unknown,布莱德利·库珀,艾比·考尼什,罗伯特·德尼罗,科幻,悬疑,惊悚,美国,英语,unknown,unknown,2011,源代码,这个男人来自地球,我，机器人,我是传奇,十二猴子,少数派报告,异次元骇客,前目的地,明日边缘,第九区
211,上海皇帝之雄霸天下,潘文,unknown,unknown,吕良伟,郑则仕,徐锦江,剧情,悬疑,犯罪,中国香港,国语,unknown,unknown,1993,岁月风云之上海皇帝,跛豪,四大家族之龙虎兄弟,五亿探长雷洛传1：雷老虎,黑金,O记三合会档案,黑社会,龙在边缘,江湖情,濠江风云
212,红色小提琴 Le violon rouge,弗朗索瓦·吉拉,unknown,unknown,卡洛·切基,让-吕克·比多,张艾嘉,剧情,爱情,悬疑,加拿大,英语,unknown,unknown,1998,屋顶上的小提琴手,迷墙,音乐会,她比烟花寂寞,莫扎特传,闪亮的风采,黑暗中的舞者,探戈狂恋,日出时让悲伤终结,情键四分钟
213,愚行录 愚行録,石川,unknown,unknown,妻夫木聪,满岛光,小出惠介,剧情,悬疑,犯罪,日本,日语,unknown,unknown,2016,去年冬天与你分手,怒,白雪公主杀人事件,如月疑云,乌鸦的拇指,金色梦乡,摇曳的心,22年后的自白,嫌疑人X的献身,祈祷落幕时
214,撒旦探戈 Sátántangó,贝拉·塔,unknown,unknown,米哈伊·维格,普吉·霍瓦特,拉斯洛·费卢戈希,剧情,悬疑,unknown,匈牙利,匈牙利语,unknown,unknown,1994,鲸鱼马戏团,放大,第三人,来自伦敦的男人,审判,乡村牧师日记,迷魂记,追随,M就是凶手,唐人街
215,扬名立万,刘循子,unknown,unknown,尹正,邓家佳,喻恩泰,剧情,喜剧,悬疑,中国大陆,国语,unknown,unknown,2021,悬崖之上,利刃出鞘,误杀,看不见的客人,唐人街探案,调音师,控方证人,网络谜踪,禁闭岛,致命魔术
216,搜索,陈凯,unknown,unknown,高圆圆,姚晨,赵又廷,剧情,悬疑,unknown,中国大陆,国语,unknown,unknown,2012,单身男女,北京遇上西雅图,春娇与志明,爱,画皮,失恋33天,志明与春娇,山楂树之恋,一天,泰坦尼克号
217,爱你长久 Il y a longtemps que je t'aime,菲利浦·克洛代,unknown,unknown,克里斯汀·斯科特·托马斯,艾尔莎·泽贝斯坦,塞尔奇·哈赛纳维奇,剧情,悬疑,unknown,法国,法语,unknown,unknown,2008,余生的第一天,蕾切尔的婚礼,克莱默夫妇,夏日时光,大河恋,天伦之旅,兔子洞,八月：奥色治郡,又一年,姐姐的守护者
218,怪宴 Murder by Death,罗伯特·穆,unknown,unknown,艾琳·布伦南,杜鲁门·卡波特,詹姆斯·可可,喜剧,悬疑,惊悚,美国,英语,unknown,unknown,1976,妙探寻凶,足迹,勾魂游戏,如月疑云,阳光下的罪恶,尼罗河上的惨案,电话谋杀案,死亡计中计,东方快车谋杀案,第三人
219,冰山上的来客,赵心,unknown,unknown,梁音,谷毓英,恩和森,剧情,悬疑,战争,中国大陆,国语,unknown,unknown,1963,英雄儿女,红色娘子军,渡江侦察记,平原游击队,林海雪原,野火春风斗古城,霓虹灯下的哨兵,永不消逝的电波,铁道游击队,洪湖赤卫队
220,沼泽深处的女孩 Where the Crawdads Sing,奥利维亚·纽,unknown,unknown,黛西·埃德加-琼斯,泰勒·约翰·史密斯,哈里斯·迪金森,剧情,爱情,悬疑,美国,英语,unknown,unknown,2022,分手的决心,利刃出鞘2,花束般的恋爱,黑匣子,套装,看不见的客人,世界上最糟糕的人,宿敌,海市蜃楼,爱情神话
221,达·芬奇密码 The Da Vinci Code,朗·霍华,unknown,unknown,汤姆·汉克斯,奥黛丽·塔图,伊恩·麦克莱恩,悬疑,惊悚,unknown,美国,英语,unknown,unknown,2006,天使与魔鬼,大侦探福尔摩斯2：诡影游戏,记忆碎片,禁闭岛,致命魔术,但丁密码,七宗罪,蝴蝶效应,风声,盗梦空间
222,斯托克 Stoker,朴赞,unknown,unknown,米娅·华希科沃斯卡,妮可·基德曼,马修·古迪,剧情,悬疑,惊悚,美国,英语,unknown,unknown,2013,小岛惊魂,穆赫兰道,副作用,罗斯玛丽的婴儿,龙纹身的女孩,惊魂记,闪灵,危情十日,一级恐惧,追随
223,捉迷藏 Hide and Seek,约翰·波尔,unknown,unknown,罗伯特·德尼罗,达科塔·范宁,法米克·詹森,悬疑,惊悚,恐怖,美国,英语,unknown,unknown,2005,小岛惊魂,死寂,万能钥匙,潜伏,幻影凶间,寂静岭,孤儿怨,鬼影,招魂,孤堡惊情
224,杀妻总动员 Survive Style 5+,关口,unknown,unknown,浅野忠信,桥本丽香,阿部宽,爱情,悬疑,惊悚,日本,日语,unknown,unknown,2004,鲨皮男与蜜桃女,无厘头森林之第一次接触,死者田园祭,爱的曝光,8万伏特霹雳神龙,裸体午餐,人体雕像,洛基恐怖秀,死亡解剖,东京僵尸
225,咒怨 录像带版 呪怨 ビデオオリジナル版,清水,unknown,unknown,藤贵子,大家由祐子,柳忧怜,悬疑,恐怖,unknown,日本,日语,unknown,unknown,2000,咒怨2 录像带版,午夜凶铃,鬼影,鬼来电,死神的十字路口,厉鬼将映,灵异咒,山村老尸,潜伏,驱魔人
226,意外,郑保,unknown,unknown,古天乐,任贤齐,冯淬帆,悬疑,惊悚,unknown,中国香港,国语,unknown,unknown,2009,神探,窃听风云,门徒,跟踪,大追捕,风声,夺命金,追击者,非常嫌疑犯,全民目击
227,暗夜恐惧 Peur(s) du noir,Blutc,unknown,unknown,Gil Alma,Aure Atika,François Creton,剧情,动画,悬疑,法国,法语,unknown,unknown,2008,猫汤,恶童,疯狂约会美丽都,心理游戏,魔术师,恐怖故事,捉迷藏,我在伊朗长大,捷克惊魂夜,圣诞夜惊魂
228,生死停留 Stay,马克·福斯,unknown,unknown,伊万·麦克格雷格,瑞恩·高斯林,娜奥米·沃茨,剧情,悬疑,惊悚,美国,英语,unknown,unknown,2005,心理游戏,穆赫兰道,记忆碎片,万能钥匙,机械师,小岛惊魂,死亡幻觉,非常嫌疑犯,禁闭岛,恐怖游轮
229,奇遇 L'avventura,米开朗基罗·安东尼奥,unknown,unknown,加布里埃尔·费泽蒂,莫尼卡·维蒂,蕾雅·马萨利,剧情,悬疑,unknown,意大利,意大利语,unknown,unknown,1960,蚀,夜,放大,红色沙漠,卡比利亚之夜,去年在马里昂巴德,祖与占,大路,甜蜜的生活,亚特兰大号
230,特别响，非常近 Extremely Loud and Incredibly Close,史蒂芬·戴德,unknown,unknown,桑德拉·布洛克,汤姆·汉克斯,马克斯·冯·叙多夫,剧情,悬疑,家庭,美国,英语,unknown,unknown,2011,后裔,兔子洞,八月：奥色治郡,更好的生活,天伦之旅,内布拉斯加,一次别离,依然爱丽丝,我家买了动物园,雨人
