无间道 無間道,,,,,,,
杀人回忆 살인의 추억,,,,,,,
无间道2 無間道II,,,,,,,
无间道 無間道,无间道2,,,,,,
无间道,黑社会,,,,,,
无间道,黑社会,,,,,,
追击者,,,,,,,
黑社会,无间道,,,,,,
无间道2,黑社会,,,,,,
杀人回忆 살인의 추억,追击者,,,,,,
卑劣的街头,无间道2,黑社会,,,,,
无间道3：终极无间,门徒,黑社会,,,,,
未麻的部屋,,,,,,,
黑社会,放·逐,无间道2,,,,,
无间道2 無間道II,无间道3：终极无间,黑社会,门徒,,,,
追击者,,,,,,,
黑社会,,,,,,,
无间道,,,,,,,
南山的部长们,,,,,,,
催眠大师,,,,,,,
花火 HANA-BI,,,,,,,
精武门 精武門,,,,,,,
未麻的部屋,,,,,,,
花火 HANA-BI,大佬,,,,,,
杀之恋,,,,,,,
精武门 精武門,,,,,,,
幻影车神：魔盗激情,,,,,,,
杀人回忆 살인의 추억,,,,,,,
釜山行 부산행,,,,,,,
神探,,,,,,,
喋血双雄 喋血雙雄,,,,,,,
老男孩 올드보이,,,,,,,
用心棒,,,,,,,
碟中谍6：全面瓦解 Mission: Impossible - Fallout,,,,,,,
孤胆特工 아저씨,,,,,,,
精武门 精武門,,,,,,,
杀人回忆 살인의 추억,追击者,,,,,,
黑社会,放·逐,无间道2,,,,,
釜山行 부산행,,,,,,,
无间道,,,,,,,
无间道2,门徒,,,,,,
神探,门徒,,,,,,
追击者,蒙太奇,走到尽头,,,,,
新上海滩,黑社会,无间道2,,,,,
喋血双雄 喋血雙雄,,,,,,,
黑社会,门徒,,,,,,
黑社会,,,,,,,
黑社会,放·逐,,,,,,
老男孩 올드보이,亲切的金子,追击者,,,,,
用心棒,,,,,,,
碟中谍6：全面瓦解 Mission: Impossible - Fallout,,,,,,,
孤胆特工 아저씨,,,,,,,
精武门 精武門,,,,,,,
无间道 無間道,,,,,,,
杀人回忆 살인의 추억,,,,,,,
无间道2 無間道II,,,,,,,
花火 HANA-BI,,,,,,,
金福南杀人事件始末 김복남 살인사건의 전말,,,,,,,
神探,,,,,,,
风声,,,,,,,
喋血双雄 喋血雙雄,,,,,,,
黑社会 黑社會,,,,,,,
追击者 추격자,,,,,,,
椿三十郎,,,,,,,
调音师 Andhadhun,,,,,,,
猛龙过江 猛龍過江,,,,,,,
无间道3：终极无间 無間道III 終極無間,,,,,,,
目击者之追凶 目擊者,,,,,,,
黑社会2：以和为贵 黑社會以和為貴,,,,,,,
母亲 마더,,,,,,,
放·逐,,,,,,,
孤胆特工 아저씨,,,,,,,
蒙太奇 몽타주,,,,,,,
警察故事,,,,,,,
喋血街头 喋血街頭,,,,,,,
狗咬狗,,,,,,,
门徒 門徒,,,,,,,
大佬 Brother,,,,,,,
局内人 내부자들,,,,,,,
卑劣的街头 비열한 거리,,,,,,,
走到尽头 끝까지 간다,,,,,,,
新警察故事,,,,,,,
疾速追杀2 John Wick: Chapter 2,,,,,,,
看见恶魔 악마를 보았다,,,,,,,
学校风云 學校風雲,,,,,,,
辣手神探,,,,,,,
边境杀手 Sicario,,,,,,,
杀人者的记忆法 살인자의 기억법,,,,,,,
无间道 無間道,无间道2,,,,,,
无间道,黑社会,,,,,,
无间道,黑社会,,,,,,
黑社会,无间道,,,,,,
无间道3：终极无间,门徒,黑社会,,,,,
无间道2,黑社会,,,,,,
杀人回忆 살인의 추억,追击者,,,,,,
卑劣的街头,无间道2,黑社会,,,,,
黑社会,放·逐,无间道2,,,,,
黑社会,,,,,,,
无间道2 無間道II,无间道3：终极无间,黑社会,门徒,,,,
追击者,,,,,,,
追击者,,,,,,,
无间道,,,,,,,
无间道2,门徒,,,,,,
花火 HANA-BI,大佬,,,,,,
金福南杀人事件始末 김복남 살인사건의 전말,追击者,看见恶魔,亲切的金子,蒙太奇,,,
蒙太奇,,,,,,,
黑社会,,,,,,,
神探,门徒,,,,,,
追击者,蒙太奇,走到尽头,,,,,
风声,催眠大师,,,,,,
喋血双雄 喋血雙雄,,,,,,,
一个星期四,蒙太奇,,,,,,
黑社会 黑社會,黑社会2：以和为贵,放·逐,无间道2,,,,
新上海滩,黑社会,无间道2,,,,,
黑社会,,,,,,,
追击者 추격자,蒙太奇,不可饶恕,走到尽头,,,,
黑社会,门徒,,,,,,
黑社会,放·逐,,,,,,
催眠大师,,,,,,,
捉迷藏,,,,,,,
追击者,,,,,,,
椿三十郎,,,,,,,
调音师 Andhadhun,,,,,,,
猛龙过江 猛龍過江,,,,,,,
黑社会,放·逐,,,,,,
无间道3：终极无间 無間道III 終極無間,无间道2,黑社会,门徒,,,,
目击者之追凶 目擊者,蒙太奇,,,,,,
黑社会2：以和为贵 黑社會以和為貴,黑社会,放·逐,,,,,
母亲 마더,追击者,蒙太奇,那家伙的声音,,,,
放·逐,黑社会,,,,,,
黑社会,放·逐,,,,,,
孤胆特工 아저씨,,,,,,,
黑社会,放·逐,跟踪,无间道2,,,,
门徒,新上海滩,,,,,,
黑社会,,,,,,,
蒙太奇 몽타주,追击者,不可饶恕,走到尽头,目击者之追凶,,,
恶汉甜梦,,,,,,,
铁雨,,,,,,,
警察故事,,,,,,,
喋血街头 喋血街頭,黑社会,放·逐,,,,,
狗咬狗,门徒,黑社会2：以和为贵,放·逐,,,,
未麻的部屋,,,,,,,
门徒 門徒,黑社会,无间道3：终极无间,,,,,
大佬 Brother,黑社会,,,,,,
局内人 내부자들,卑劣的街头,追击者,不当交易,蒙太奇,,,
黑社会,,,,,,,
追击者,金福南杀人事件始末,,,,,,
卑劣的街头 비열한 거리,黑社会,,,,,,
胜者为王,黑社会,,,,,,
蒙太奇,追击者,,,,,,
走到尽头 끝까지 간다,蒙太奇,追击者,不可饶恕,不当交易,我是杀人犯,,
新警察故事,门徒,,,,,,
催眠大师,,,,,,,
恶汉甜梦,,,,,,,
黑社会,,,,,,,
大佬,,,,,,,
跟踪,,,,,,,
黑社会,龙在边缘,,,,,,
疾速追杀2 John Wick: Chapter 2,,,,,,,
看见恶魔 악마를 보았다,追击者,金福南杀人事件始末,不可饶恕,亲切的金子,邻居,,
砂之器,405谋杀案,,,,,,
黑社会,放·逐,龙在边缘,,,,,
学校风云 學校風雲,黑社会,,,,,,
门徒,无间道,,,,,,
大佬,黑社会,,,,,,
辣手神探,,,,,,,
黑社会,放·逐,无间道2,,,,,
边境杀手 Sicario,,,,,,,
目击者之追凶,,,,,,,
催眠大师,,,,,,,
走到尽头,,,,,,,
门徒,,,,,,,
卑劣的街头,不当交易,,,,,,
门徒,,,,,,,
杀人者的记忆法 살인자의 기억법,蒙太奇,不可饶恕,记忆之夜,追击者,目击者之追凶,那家伙的声音,邻居
卑劣的街头,,,,,,,
黑社会,龙在边缘,,,,,,
