杀人回忆 살인의 추억,,,,,,
心迷宫,,,,,,
罗生门 羅生門,,,,,,
恐怖直播 더 테러 라이브,,,,,,
烈日灼心,,,,,,
恐怖直播,烈日灼心,,,,,
恐怖直播,,,,,,
恐怖直播,,,,,,
恐怖直播,,,,,,
恐怖直播,,,,,,
岁月风云之上海皇帝,,,,,,
杀人回忆 살인의 추억,恐怖直播,,,,,
恐怖直播,,,,,,
心迷宫,,,,,,
调音师,误杀,心迷宫,,,,
心迷宫,暴裂无声,恐怖直播,,,,
罗生门 羅生門,,,,,,
恐怖直播 더 테러 라이브,心迷宫,,,,,
烈日灼心,误杀,全民目击,催眠大师,心迷宫,,
未知死亡 Ghajini,,,,,,
岁月风云之上海皇帝,,,,,,
小姐,,,,,,
天才枪手,,,,,,
脑男,检察方的罪人,愚行录,,,,
未知死亡 Ghajini,,,,,,
杀人回忆 살인의 추억,,,,,,
神探,,,,,,
切腹,,,,,,
暗花,,,,,,
老男孩 올드보이,,,,,,
无双 無雙,,,,,,
杀人回忆 살인의 추억,恐怖直播,,,,,
神探,恐怖直播,,,,,
恐怖直播,,,,,,
切腹,,,,,,
暗花,神探,,,,,
老男孩 올드보이,,,,,,
无双 無雙,误杀,烈日灼心,调音师,暴裂无声,,
杀人回忆 살인의 추억,,,,,,
罗生门 羅生門,,,,,,
心迷宫,,,,,,
恐怖直播 더 테러 라이브,,,,,,
误杀瞒天记 Drishyam,,,,,,
神探,,,,,,
嫌疑人X的献身 容疑者Xの献身,,,,,,
暗花,,,,,,
烈日灼心,,,,,,
调音师 Andhadhun,,,,,,
暴裂无声,,,,,,
天才枪手 ฉลาดเกมส์โกง,,,,,,
目击者之追凶 目擊者,,,,,,
母亲 마더,,,,,,
无双 無雙,,,,,,
燃烧 버닝,,,,,,
寻枪,,,,,,
白日焰火,,,,,,
扫毒 掃毒,,,,,,
踏血寻梅 踏血尋梅,,,,,,
杀人者的记忆法 살인자의 기억법,,,,,,
岁月风云之上海皇帝 歲月風雲之上海皇帝,,,,,,
恐怖直播,,,,,,
恐怖直播,,,,,,
杀人回忆 살인의 추억,恐怖直播,,,,,
恐怖直播,,,,,,
心迷宫,,,,,,
误杀,,,,,,
罗生门 羅生門,,,,,,
恐怖直播,,,,,,
心迷宫,暴裂无声,恐怖直播,,,,
心迷宫,调音师,,,,,
恐怖直播 더 테러 라이브,心迷宫,,,,,
恐怖直播,暴裂无声,心迷宫,烈日灼心,,,
恐怖直播,,,,,,
误杀瞒天记 Drishyam,调音师,,,,,
神探,恐怖直播,,,,,
恐怖直播,,,,,,
催眠大师,,,,,,
恐怖直播,神探,,,,,
嫌疑人X的献身 容疑者Xの献身,盛夏的方程式,如月疑云,神探伽利略XX 内海薰最后的案...,金色梦乡,,
暗花,神探,,,,,
烈日灼心,误杀,全民目击,催眠大师,心迷宫,,
心迷宫,,,,,,
脑男,检察方的罪人,愚行录,,,,
天才枪手,,,,,,
调音师 Andhadhun,误杀,心迷宫,,,,
暴裂无声,心迷宫,烈日灼心,,,,
天才枪手 ฉลาดเกมส์โกง,误杀,恐怖直播,烈日灼心,暴裂无声,,
岁月风云之上海皇帝,上海皇帝之雄霸天下,,,,,
母亲,,,,,,
目击者之追凶 目擊者,神探,心迷宫,,,,
母亲 마더,神探,恐怖直播,燃烧,,,
神探,,,,,,
误杀,调音师,,,,,
误杀,恐怖直播,目击者之追凶,,,,
无双 無雙,误杀,烈日灼心,调音师,暴裂无声,,
误杀,烈日灼心,,,,,
白日焰火,,,,,,
神探,,,,,,
燃烧 버닝,血观音,暴裂无声,心迷宫,,,
不当交易,,,,,,
恐怖直播,,,,,,
烈日灼心,误杀,暴裂无声,心迷宫,神探,,
不当交易,,,,,,
催眠大师,,,,,,
岁月风云之上海皇帝,上海皇帝之雄霸天下,,,,,
砂之器,405谋杀案,,,,,
寻枪,神探,白日焰火,心迷宫,,,
岁月风云之上海皇帝,,,,,,
智齿,,,,,,
烈日灼心,全民目击,,,,,
目击者之追凶,,,,,,
白日焰火,烈日灼心,催眠大师,神探,全民目击,暴裂无声,心迷宫
从邪恶中拯救我,,,,,,
扫毒 掃毒,,,,,,
不当交易,,,,,,
踏血寻梅 踏血尋梅,神探,白日焰火,烈日灼心,血观音,心迷宫,暴裂无声
杀人者的记忆法 살인자의 기억법,记忆之夜,目击者之追凶,电话,,,
从邪恶中拯救我,,,,,,
岁月风云之上海皇帝 歲月風雲之上海皇帝,上海皇帝之雄霸天下,,,,,
