肖申克的救赎 The Shawshank Redemption,阿甘正传,当幸福来敲门,荒岛余生,心灵捕手,死亡诗社,美丽心灵,,,,
罗马假日,泰坦尼克号,断背山,爱在黎明破晓前,,,,,,,
辛德勒的名单,拯救大兵瑞恩,1917,乱世佳人,罗马假日,,,,,,
辛德勒的名单 Schindler's List,拯救大兵瑞恩,1917,,,,,,,,
控方证人 Witness for the Prosecution,控方证人,记忆碎片,禁闭岛,十二怒汉,利刃出鞘,,,,,
阿甘正传 Forrest Gump,肖申克的救赎,当幸福来敲门,荒岛余生,心灵捕手,死亡诗社,美丽心灵,,,,
泰坦尼克号 Titanic,罗马假日,恋恋笔记本,爱在黎明破晓前,剪刀手爱德华,怦然心动,乱世佳人,,,,
这个杀手不太冷 Léon,罗马假日,泰坦尼克号,恋恋笔记本,爱在黎明破晓前,剪刀手爱德华,猫鼠游戏,怦然心动,,,
盗梦空间 Inception,蝴蝶效应,星际穿越,禁闭岛,记忆碎片,,,,,,
星际穿越 Interstellar,盗梦空间,X战警：逆转未来,,,,,,,,
楚门的世界 The Truman Show,盗梦空间,星际穿越,,,,,,,,
忠犬八公的故事 Hachi: A Dog's Tale,一条狗的使命,南极大冒险,多哥,狮子王,,,,,,
猫鼠游戏,七宗罪,小丑,沉默的羔羊,三块广告牌,,,,,,
十二怒汉 12 Angry Men,控方证人,记忆碎片,禁闭岛,七宗罪,,,,,,
猫鼠游戏,教父,美国往事,低俗小说,,,,,,,
音乐之声,爆裂鼓手,爱乐之城,八月迷情,,,,,,,
为奴十二年,公民凯恩,飞行家,社交网络,美丽心灵,,,,,,
雨人,海边的曼彻斯特,,,,,,,,,
音乐之声,爆裂鼓手,肖申克的救赎,阿甘正传,当幸福来敲门,,,,,,
摩登时代,,,,,,,,,,
拯救大兵瑞恩,辛德勒的名单,1917,,,,,,,,
幸福终点站,,,,,,,,,,
教父 The Godfather,教父2,美国往事,猫鼠游戏,低俗小说,,,,,,
指环王3：王者无敌 The Lord of the Rings: The Return of the King,指环王2：双塔奇兵,勇敢的心,少年派的奇幻漂流,大鱼,拯救大兵瑞恩,角斗士,,,,
乱世佳人 Gone with the Wind,罗马假日,魂断蓝桥,卡萨布兰卡,泰坦尼克号,爱在黎明破晓前,恋恋笔记本,,,,
猫鼠游戏,七宗罪,小丑,沉默的羔羊,,,,,,,
拯救大兵瑞恩,辛德勒的名单,1917,,,,,,,,
我是山姆,海边的曼彻斯特,天才少女,,,,,,,,
教父2 The Godfather: Part II,教父3,美国往事,猫鼠游戏,低俗小说,爱尔兰人,,,,,
阿甘正传,肖申克的救赎,,,,,,,,,
当幸福来敲门 The Pursuit of Happyness,阿甘正传,肖申克的救赎,荒岛余生,心灵捕手,叫我第一名,,,,,
饮食男女 飲食男女,雨人,,,,,,,,,
蝙蝠侠：黑暗骑士 The Dark Knight,蝙蝠侠：黑暗骑士崛起,猫鼠游戏,盗梦空间,,,,,,,
指环王2：双塔奇兵 The Lord of the Rings: The Two Towers,少年派的奇幻漂流,勇敢的心,大鱼,角斗士,,,,,,
死亡诗社 Dead Poets Society,心灵捕手,肖申克的救赎,阿甘正传,当幸福来敲门,百万美元宝贝,叫我第一名,,,,
罗马假日,爱在黎明破晓前,泰坦尼克号,乱世佳人,剪刀手爱德华,,,,,,
摩登时代 Modern Times,城市之光,寻子遇仙记,大独裁者,,,,,,,
猫鼠游戏,七宗罪,肖申克的救赎,,,,,,,,
记忆碎片,控方证人,禁闭岛,十二怒汉,蝴蝶效应,,,,,,
穿条纹睡衣的男孩 The Boy in the Striped Pajamas,拯救大兵瑞恩,辛德勒的名单,1917,,,,,,,
少年派的奇幻漂流 Life of Pi,大鱼,本杰明·巴顿奇事,白日梦想家,,,,,,,
美国往事 Once Upon a Time in America,教父2,好家伙,低俗小说,爱尔兰人,赌城风云,,,,,
当幸福来敲门,雨人,我是山姆,,,,,,,,
怦然心动 Flipped,罗马假日,泰坦尼克号,爱在黎明破晓前,恋恋笔记本,爱乐之城,,,,,
飞屋环游记 Up,,,,,,,,,,
1917,,,,,,,,,,
何以为家 كفرناحوم,海边的曼彻斯特,我是山姆,,,,,,,,
猫鼠游戏 Catch Me If You Can,华尔街之狼,七宗罪,血钻,小丑,沉默的羔羊,蝙蝠侠：黑暗骑士,教父,,,
罗马假日 Roman Holiday,泰坦尼克号,魂断蓝桥,爱在黎明破晓前,乱世佳人,恋恋笔记本,,,,,
闻香识女人 Scent of a Woman,罗马假日,爱在黎明破晓前,泰坦尼克号,恋恋笔记本,乱世佳人,,,,,
指环王1：护戒使者 The Lord of the Rings: The Fellowship of the Ring,指环王2：双塔奇兵,少年派的奇幻漂流,勇敢的心,大鱼,角斗士,,,,,
拯救大兵瑞恩,光荣之路,现代启示录,,,,,,,,
美丽心灵 A Beautiful Mind,社交网络,飞行家,罗马假日,达拉斯买家俱乐部,爱在黎明破晓前,,,,,
拯救大兵瑞恩 Saving Private Ryan,辛德勒的名单,1917,,,,,,,,
音乐之声 The Sound of Music,罗马假日,爱乐之城,魂断蓝桥,泰坦尼克号,爱在黎明破晓前,恋恋笔记本,乱世佳人,,,
低俗小说,摩登时代,布达佩斯大饭店,被解救的姜戈,,,,,,,
飞越疯人院 One Flew Over the Cuckoo's Nest,低俗小说,布达佩斯大饭店,被解救的姜戈,,,,,,,
布达佩斯大饭店,低俗小说,,,,,,,,,
布达佩斯大饭店,,,,,,,,,,
当幸福来敲门,肖申克的救赎,阿甘正传,奇迹男孩,心灵捕手,,,,,,
控方证人,记忆碎片,禁闭岛,大卫·戈尔的一生,蝴蝶效应,,,,,,
断背山,,,,,,,,,,
本杰明·巴顿奇事 The Curious Case of Benjamin Button,罗马假日,爱在黎明破晓前,恋恋笔记本,泰坦尼克号,爱乐之城,,,,,
城市之光 City Lights,摩登时代,寻子遇仙记,大独裁者,,,,,,,
搏击俱乐部 Fight Club,记忆碎片,七宗罪,禁闭岛,控方证人,沉默的羔羊,,,,,
海边的曼彻斯特,,,,,,,,,,
完美的世界 A Perfect World,猫鼠游戏,末路狂花,血钻,七宗罪,,,,,,
忠犬八公的故事,丛林赤子心,一条狗的使命,南极大冒险,多哥,,,,,,
喜宴 囍宴,断背山,,,,,,,,,
超脱 Detachment,布达佩斯大饭店,爱在黎明破晓前,海边的曼彻斯特,,,,,,,
公民凯恩,极速车王,达拉斯买家俱乐部,美丽心灵,,,,,,,
绿皮书 Green Book,,,,,,,,,,
布达佩斯大饭店,爱在黎明破晓前,,,,,,,,,
布达佩斯大饭店,爱在黎明破晓前,,,,,,,,,
教父3 The Godfather: Part III,教父2,美国往事,猫鼠游戏,爱尔兰人,低俗小说,,,,,
爱在黎明破晓前,罗马假日,,,,,,,,,
罗马假日,爱在黎明破晓前,恋恋笔记本,泰坦尼克号,爱乐之城,,,,,,
我是山姆 I Am Sam,雨人,海边的曼彻斯特,大鱼,当幸福来敲门,,,,,,
西西里的美丽传说 Malèna,罗马假日,爱在黎明破晓前,泰坦尼克号,恋恋笔记本,,,,,,
禁闭岛 Shutter Island,记忆碎片,致命ID,蝴蝶效应,七宗罪,第六感,控方证人,沉默的羔羊,,,
罗马假日,爱在黎明破晓前,泰坦尼克号,,,,,,,,
蝴蝶效应 The Butterfly Effect,禁闭岛,盗梦空间,记忆碎片,七宗罪,,,,,,
布达佩斯大饭店 The Grand Budapest Hotel,低俗小说,,,,,,,,,
沉默的羔羊 The Silence of the Lambs,七宗罪,致命ID,禁闭岛,记忆碎片,第六感,,,,,
致命魔术 The Prestige,记忆碎片,禁闭岛,盗梦空间,蝴蝶效应,控方证人,致命ID,利刃出鞘,,,
低俗小说 Pulp Fiction,被解救的姜戈,美国往事,教父,八恶人,,,,,,
美国往事,教父3,猫鼠游戏,搏击俱乐部,好家伙,低俗小说,出租车司机,,,,
断背山,,,,,,,,,,
心灵捕手 Good Will Hunting,荒岛余生,阿甘正传,肖申克的救赎,当幸福来敲门,百万美元宝贝,死亡诗社,,,,
记忆碎片,七宗罪,禁闭岛,控方证人,致命ID,猫鼠游戏,沉默的羔羊,,,,
雨人,海边的曼彻斯特,,,,,,,,,
摩登时代,,,,,,,,,,
勇敢的心 Braveheart,拯救大兵瑞恩,角斗士,辛德勒的名单,指环王3：王者无敌,与狼共舞,,,,,
第六感 The Sixth Sense,禁闭岛,致命ID,记忆碎片,小岛惊魂,万能钥匙,沉默的羔羊,蝴蝶效应,,,
我是山姆,,,,,,,,,,
爱在日落黄昏时 Before Sunset,爱在黎明破晓前,罗马假日,恋恋笔记本,爱乐之城,,,,,,
猫鼠游戏,七宗罪,血钻,,,,,,,,
末路狂花,七宗罪,出租车司机,沉默的羔羊,三块广告牌,教父3,低俗小说,,,,
爱在黎明破晓前,罗马假日,恋恋笔记本,爱乐之城,泰坦尼克号,,,,,,
生活多美好 It's a Wonderful Life,史密斯先生到华盛顿,桃色公寓,城市之光,街角的商店,百万美元宝贝,追梦赤子心,幸福终点站,,,
猫鼠游戏,教父2,,,,,,,,,
爱在午夜降临前 Before Midnight,爱在日落黄昏时,罗马假日,恋恋笔记本,爱乐之城,,,,,,
罗马假日,爱在黎明破晓前,,,,,,,,,
猫鼠游戏,利刃出鞘,三块广告牌,,,,,,,,
绿里奇迹 The Green Mile,大鱼,少年派的奇幻漂流,本杰明·巴顿奇事,,,,,,,
七宗罪 Se7en,记忆碎片,禁闭岛,沉默的羔羊,致命ID,搏击俱乐部,猫鼠游戏,,,,
断背山 Brokeback Mountain,罗马假日,爱在黎明破晓前,泰坦尼克号,恋恋笔记本,,,,,,
模仿游戏 The Imitation Game,1917,拯救大兵瑞恩,社交网络,辛德勒的名单,,,,,,
罗马假日,泰坦尼克号,,,,,,,,,
大鱼 Big Fish,少年派的奇幻漂流,雨人,,,,,,,,
幸福终点站 The Terminal,罗马假日,恋恋笔记本,,,,,,,,
恋恋笔记本,爱在日落黄昏时,泰坦尼克号,剪刀手爱德华,,,,,,,
达拉斯买家俱乐部 Dallas Buyers Club,社交网络,飞行家,美丽心灵,为奴十二年,,,,,,
布达佩斯大饭店,低俗小说,巴斯特·斯克鲁格斯的歌谣,被解救的姜戈,,,,,,,
美国往事,教父2,,,,,,,,,
海边的曼彻斯特,雨人,猫鼠游戏,,,,,,,,
勇敢的心,拯救大兵瑞恩,角斗士,1917,,,,,,,
罗马假日,爱在黎明破晓前,恋恋笔记本,泰坦尼克号,,,,,,,
控方证人,记忆碎片,利刃出鞘,禁闭岛,网络谜踪,,,,,,
控方证人,记忆碎片,禁闭岛,十二怒汉,,,,,,,
教父3,猫鼠游戏,,,,,,,,,
勇敢的心,拯救大兵瑞恩,1917,,,,,,,,
海边的曼彻斯特,,,,,,,,,,
血战钢锯岭 Hacksaw Ridge,拯救大兵瑞恩,1917,辛德勒的名单,,,,,,,
千钧一发 Gattaca,这个男人来自地球,超时空接触,第九区,,,,,,,
控方证人 Witness for the Prosecution,控方证人,十二怒汉（电视版）,记忆碎片,禁闭岛,利刃出鞘,,,,,
猫鼠游戏,记忆碎片,七宗罪,控方证人,致命ID,禁闭岛,,,,,
记忆碎片 Memento,禁闭岛,七宗罪,蝴蝶效应,控方证人,,,,,,
爆裂鼓手 Whiplash,百万美元宝贝,醉乡民谣,荒岛余生,心灵捕手,肖申克的救赎,,,,,
爱尔兰人 The Irishman,好家伙,美国往事,教父3,猫鼠游戏,极速车王,华尔街之狼,赌城风云,,,
勇士 Warrior,百万美元宝贝,洛奇,铁拳男人,铁甲钢拳,光荣之路,雨人,斗士,,,
人工智能 Artificial Intelligence: AI,E.T.外星人,这个男人来自地球,第九区,,,,,,,
大独裁者 The Great Dictator,寻子遇仙记,城市之光,摩登时代,将军号,,,,,,
血钻 Blood Diamond,猫鼠游戏,拯救大兵瑞恩,蝙蝠侠：黑暗骑士,七宗罪,,,,,,
雨人,我是山姆,,,,,,,,,
我是山姆,,,,,,,,,,
海边的曼彻斯特,,,,,,,,,,
悲惨世界 Les Misérables,爱乐之城,理智与情感,爱在黎明破晓前,,,,,,,
梦之安魂曲 Requiem for a Dream,末路狂花,老无所依,美国X档案,逍遥骑士,七宗罪,,,,,
罗马假日,,,,,,,,,,
奇迹男孩 Wonder,当幸福来敲门,天才少女,肖申克的救赎,阿甘正传,,,,,,
教父3,美国往事,,,,,,,,,
弱点 The Blind Side,当幸福来敲门,光荣之路,百万美元宝贝,追梦赤子心,荒岛余生,雨人,叫我第一名,卡特教练,,
恋恋笔记本 The Notebook,罗马假日,爱在黎明破晓前,泰坦尼克号,一天,爱乐之城,,,,,
波西米亚狂想曲 Bohemian Rhapsody,极速车王,倒数时刻,社交网络,醉乡民谣,马戏之王,达拉斯买家俱乐部,爆裂鼓手,,,
勇敢的心,拯救大兵瑞恩,1917,硫磺岛的来信,角斗士,,,,,,
黑客帝国动画版,,,,,,,,,,
爱在黎明破晓前,爱乐之城,,,,,,,,,
朗读者 The Reader,罗马假日,爱在日落黄昏时,恋恋笔记本,英国病人,乱世佳人,泰坦尼克号,,,,
E.T.外星人 E.T. the Extra-Terrestrial,这个男人来自地球,人工智能,第九区,,,,,,,
影武者,光荣之路,,,,,,,,,
罗马假日,,,,,,,,,,
单身男子,我自己的爱达荷,迷恋荷尔蒙,,,,,,,,
与狼共舞 Dances with Wolves,宾虚,勇敢的心,角斗士,指环王3：王者无敌,刺杀肯尼迪,,,,,
多哥 Togo,南极大冒险,我在雨中等你,丛林赤子心,忠犬八公的故事,狮子王,荒野猎人,,,,
我在伊朗长大 Persepolis,,,,,,,,,,
爱在黎明破晓前,罗马假日,和莎莫的500天,,,,,,,,
热天午后,骗中骗,洛城机密,双重赔偿,,,,,,,
全金属外壳 Full Metal Jacket,光荣之路,现代启示录,野战排,恐惧与欲望,奇爱博士,拯救大兵瑞恩,,,,
黑水 Dark Waters,极速车王,华盛顿邮报,芝加哥七君子审判,理查德·朱维尔的哀歌,猫鼠游戏,聚焦,爱尔兰人,,,
猫鼠游戏,,,,,,,,,,
莫扎特传 Amadeus,公民凯恩,社交网络,飞行家,弗里达,醉乡民谣,,,,,
老无所依 No Country for Old Men,冰血暴,猫鼠游戏,沉默的羔羊,洛城机密,七宗罪,不可饶恕,,,,
﻿,,,,,,,,,,
罗马假日,泰坦尼克号,断背山,爱在黎明破晓前,,,,,,,
辛德勒的名单,拯救大兵瑞恩,1917,乱世佳人,罗马假日,,,,,,
阿甘正传 Forrest Gump,肖申克的救赎,当幸福来敲门,荒岛余生,心灵捕手,死亡诗社,美丽心灵,,,,
泰坦尼克号 Titanic,罗马假日,恋恋笔记本,爱在黎明破晓前,剪刀手爱德华,怦然心动,乱世佳人,,,,
乱世佳人 Gone with the Wind,罗马假日,魂断蓝桥,卡萨布兰卡,泰坦尼克号,爱在黎明破晓前,恋恋笔记本,,,,
阿甘正传,肖申克的救赎,,,,,,,,,
摩登时代 Modern Times,城市之光,寻子遇仙记,大独裁者,,,,,,,
罗马假日,爱在黎明破晓前,泰坦尼克号,乱世佳人,剪刀手爱德华,,,,,,
怦然心动 Flipped,罗马假日,泰坦尼克号,爱在黎明破晓前,恋恋笔记本,爱乐之城,,,,,
罗马假日 Roman Holiday,泰坦尼克号,魂断蓝桥,爱在黎明破晓前,乱世佳人,恋恋笔记本,,,,,
城市之光 City Lights,摩登时代,寻子遇仙记,大独裁者,,,,,,,
音乐之声 The Sound of Music,罗马假日,爱乐之城,魂断蓝桥,泰坦尼克号,爱在黎明破晓前,恋恋笔记本,乱世佳人,,,
公民凯恩,极速车王,达拉斯买家俱乐部,美丽心灵,,,,,,,
断背山,,,,,,,,,,
本杰明·巴顿奇事 The Curious Case of Benjamin Button,罗马假日,爱在黎明破晓前,恋恋笔记本,泰坦尼克号,爱乐之城,,,,,
喜宴 囍宴,断背山,,,,,,,,,
城市之光,罗马假日,音乐之声,魂断蓝桥,爱乐之城,爱在日落黄昏时,摩登时代,,,,
生活多美好 It's a Wonderful Life,史密斯先生到华盛顿,桃色公寓,城市之光,街角的商店,百万美元宝贝,追梦赤子心,幸福终点站,,,
爱在日落黄昏时,英国病人,廊桥遗梦,,,,,,,,
爱在黎明破晓前,罗马假日,,,,,,,,,
罗马假日,爱在黎明破晓前,恋恋笔记本,泰坦尼克号,爱乐之城,,,,,,
罗马假日,爱在黎明破晓前,泰坦尼克号,,,,,,,,
断背山,,,,,,,,,,
爱在日落黄昏时 Before Sunset,爱在黎明破晓前,罗马假日,恋恋笔记本,爱乐之城,,,,,,
罗马假日,泰坦尼克号,,,,,,,,,
爱在黎明破晓前,爱乐之城,弗里达,恋恋笔记本,,,,,,,
魂断蓝桥,面纱,爱在黎明破晓前,1917,,,,,,,
爱在午夜降临前 Before Midnight,爱在日落黄昏时,罗马假日,恋恋笔记本,爱乐之城,,,,,,
恋恋笔记本,爱在日落黄昏时,泰坦尼克号,剪刀手爱德华,,,,,,,
罗马假日,爱在黎明破晓前,,,,,,,,,
罗马假日,泰坦尼克号,剪刀手爱德华,,,,,,,,
断背山 Brokeback Mountain,罗马假日,爱在黎明破晓前,泰坦尼克号,恋恋笔记本,,,,,,
爱在黎明破晓前 Before Sunrise,爱在日落黄昏时,罗马假日,恋恋笔记本,爱乐之城,,,,,,
恋恋笔记本,爱在黎明破晓前,罗马假日,泰坦尼克号,爱乐之城,,,,,,
法兰西特派,爱在日落黄昏时,,,,,,,,,
幸福终点站 The Terminal,罗马假日,恋恋笔记本,,,,,,,,
燃情岁月 Legends of the Fall,罗马假日,魂断蓝桥,爱在日落黄昏时,英国病人,恋恋笔记本,卡萨布兰卡,大河恋,廊桥遗梦,朗读者,
魂断蓝桥 Waterloo Bridge,罗马假日,卡萨布兰卡,乱世佳人,人鬼情未了,爱在日落黄昏时,恋恋笔记本,蒂凡尼的早餐,廊桥遗梦,,
罗马假日,爱在黎明破晓前,,,,,,,,,
剪刀手爱德华 Edward Scissorhands,罗马假日,泰坦尼克号,恋恋笔记本,爱在黎明破晓前,,,,,,
罗马假日,爱在黎明破晓前,恋恋笔记本,泰坦尼克号,,,,,,,
傲慢与偏见 Pride &amp; Prejudice,罗马假日,爱在黎明破晓前,恋恋笔记本,泰坦尼克号,乱世佳人,爱乐之城,,,,
寻子遇仙记,城市之光,大独裁者,摩登时代,将军号,,,,,,
悲惨世界 Les Misérables,爱乐之城,理智与情感,爱在黎明破晓前,,,,,,,
爱在黎明破晓前,爱乐之城,,,,,,,,,
将军号,满城风雨,寻子遇仙记,街角的商店,,,,,,,
色，戒,罗马假日,爱在黎明破晓前,泰坦尼克号,爱乐之城,,,,,,
罗马假日,,,,,,,,,,
罗马假日,泰坦尼克号,,,,,,,,,
罗马假日,阿甘正传,荒岛余生,肖申克的救赎,当幸福来敲门,百万美元宝贝,泰坦尼克号,幸福终点站,,,
卡萨布兰卡 Casablanca,魂断蓝桥,罗马假日,乱世佳人,人鬼情未了,爱在日落黄昏时,英国病人,西雅图未眠夜,蒂凡尼的早餐,朗读者,
真爱至上 Love Actually,罗马假日,恋恋笔记本,爱在黎明破晓前,他其实没那么喜欢你,泰坦尼克号,,,,,
廊桥遗梦 The Bridges of Madison County,罗马假日,魂断蓝桥,爱在日落黄昏时,走出非洲,人鬼情未了,英国病人,恋恋笔记本,,,
恋恋笔记本 The Notebook,罗马假日,爱在黎明破晓前,泰坦尼克号,一天,爱乐之城,,,,,
爱在黎明破晓前,爱乐之城,恋恋笔记本,泰坦尼克号,,,,,,,
打开心世界,面子,,,,,,,,,
朗读者 The Reader,罗马假日,爱在日落黄昏时,恋恋笔记本,英国病人,乱世佳人,泰坦尼克号,,,,
爱乐之城,爱在黎明破晓前,罗马假日,恋恋笔记本,一天,,,,,,
单身男子,我自己的爱达荷,迷恋荷尔蒙,,,,,,,,
婚姻故事 Marriage Story,爱在日落黄昏时,革命之路,爱乐之城,,,,,,,
英国病人,爱在日落黄昏时,罗马假日,走出非洲,,,,,,,
罗马假日,恋恋笔记本,泰坦尼克号,爱在黎明破晓前,剪刀手爱德华,怦然心动,,,,,
爱在黎明破晓前,罗马假日,,,,,,,,,
蝴蝶梦,,,,,,,,,,
公民凯恩,弗里达,社交网络,,,,,,,,
土拨鼠之日 Groundhog Day,幸福终点站,暖暖内含光,爱在黎明破晓前,摩登时代,,,,,,
罗马假日,,,,,,,,,,
罗马假日,,,,,,,,,,
爱在黎明破晓前,面纱,罗马假日,恋恋笔记本,一天,,,,,,
美国丽人 American Beauty,雨人,燃情岁月,阳光小美女,海边的曼彻斯特,,,,,,
面子 Saving Face,打开心世界,被拒人生,布卢明顿,,,,,,,
英国病人 The English Patient,走出非洲,爱在日落黄昏时,罗马假日,面纱,魂断蓝桥,,,,,
不一样的天空 What's Eating Gilbert Grape,大河恋,马文的房间,雨人,天伦之旅,燃情岁月,阳光小美女,我是山姆,海边的曼彻斯特,,
暖暖内含光 Eternal Sunshine of the Spotless Mind,爱在日落黄昏时,和莎莫的500天,当哈利遇到莎莉,恋恋笔记本,英国病人,,,,,
爱乐之城 La La Land,爱在黎明破晓前,罗马假日,恋恋笔记本,泰坦尼克号,,,,,,
卧虎藏龙 臥虎藏龍,,,,,,,,,,
爱在黎明破晓前,罗马假日,和莎莫的500天,,,,,,,,
断背山,,,,,,,,,,
她 Her,爱在黎明破晓前,爱乐之城,和莎莫的500天,恋恋笔记本,暖暖内含光,这个男人来自地球,,,,
花木兰,木偶奇遇记,泰山,小鹿斑比,,,,,,,
罗马假日,恋恋笔记本,爱在黎明破晓前,泰坦尼克号,,,,,,,
安妮·霍尔 Annie Hall,曼哈顿,解构爱情狂,丈夫、太太与情人,,,,,,,
蓝莓之夜,爱在黎明破晓前,,,,,,,,,
面子,打开心世界,布卢明顿,,,,,,,,
社交网络,美丽心灵,飞行家,爱在黎明破晓前,隐藏人物,,,,,,
卡罗尔 Carol,打开心世界,,,,,,,,,
将军号,寻子遇仙记,,,,,,,,,
弗里达 Frida,莫扎特传,时时刻刻,,,,,,,,
断背山,面子,,,,,,,,,
巴斯特·斯克鲁格斯的歌谣 The Ballad of Buster Scruggs,八恶人,,,,,,,,,
爱在黎明破晓前,,,,,,,,,,
走出非洲 Out of Africa,英国病人,人鬼情未了,罗马假日,马语者,廊桥遗梦,西雅图未眠夜,魂断蓝桥,面纱,爱在日落黄昏时,
爱在日落黄昏时,英国病人,安妮·霍尔,,,,,,,,
桃色公寓,街角的商店,日出,金玉盟,魂断蓝桥,城市之光,,,,,
利刃出鞘,大卫·戈尔的一生,控方证人,记忆碎片,消失的爱人,网络谜踪,,,,,
阳光小美女,,,,,,,,,,
卡萨布兰卡,魂断蓝桥,走出非洲,朗读者,英国病人,,,,,,
罗马假日,魂断蓝桥,人鬼情未了,走出非洲,蒂凡尼的早餐,西雅图未眠夜,天使之城,,,,
洛奇 Rocky,洛奇2,奎迪,百万美元宝贝,光荣之路,光辉岁月,追梦赤子心,荒岛余生,铁拳男人,卡特教练,第一滴血
午夜巴黎 Midnight in Paris,爱在日落黄昏时,安妮·霍尔,和莎莫的500天,一天,,,,,,
解构爱情狂,曼哈顿,安妮·霍尔,丈夫、太太与情人,星尘往事,桃色公寓,,,,,
断背山,罗马假日,欲盖弄潮,恋恋笔记本,,,,,,,
面纱 The Painted Veil,爱在日落黄昏时,英国病人,走出非洲,恋恋笔记本,和莎莫的500天,,,,,
爱在日落黄昏时,八月迷情,和莎莫的500天,罗马假日,恋恋笔记本,,,,,,
罗马假日,恋恋笔记本,爱在日落黄昏时,一天,面纱,他其实没那么喜欢你,,,,,
罗马假日,泰坦尼克号,爱在黎明破晓前,爱乐之城,,,,,,,
理智与情感 Sense and Sensibility,纯真年代,走出非洲,面纱,罗马假日,爱在日落黄昏时,当哈利遇到莎莉,魂断蓝桥,,,
丹麦女孩 The Danish Girl,断背山,,,,,,,,,
英国病人,,,,,,,,,,
断背山,,,,,,,,,,
桃色公寓 The Apartment,满城风雨,街角的商店,日出,,,,,,,
爱在黎明破晓前,,,,,,,,,,
人鬼情未了 Ghost,天使之城,罗马假日,西雅图未眠夜,魂断蓝桥,保镖,恋恋笔记本,,,,
爱在黎明破晓前,,,,,,,,,,
木偶奇遇记,花木兰,小鹿斑比,,,,,,,,
罗马假日,,,,,,,,,,
和莎莫的500天,,,,,,,,,,
八月迷情 August Rush,附注：我爱你,天使之城,音乐之声,恋恋笔记本,罗马假日,,,,,
小妇人 Little Women,理智与情感,小妇人,纯真年代,罗马假日,爱在黎明破晓前,乱世佳人,恋恋笔记本,,,
纽约，我爱你,蓝莓之夜,爱在日落黄昏时,和莎莫的500天,附注：我爱你,,,,,,
艺术家 The Artist,爱在日落黄昏时,和莎莫的500天,英国病人,安妮·霍尔,暖暖内含光,,,,,
当哈利遇到莎莉 When Harry Met Sally...,西雅图未眠夜,爱在日落黄昏时,和莎莫的500天,天使之城,他其实没那么喜欢你,恋恋笔记本,,,,
木偶奇遇记,花木兰,小鹿斑比,,,,,,,,
巴里·林登 Barry Lyndon,光荣之路,恐惧与欲望,奇爱博士,现代启示录,,,,,,
弗里达,莫扎特传,时时刻刻,社交网络,,,,,,,
艺伎回忆录,泰坦尼克号,,,,,,,,,
爱在黎明破晓前,罗马假日,面纱,,,,,,,,
罗马假日,恋恋笔记本,泰坦尼克号,,,,,,,,
爱在黎明破晓前,爱乐之城,泰坦尼克号,,,,,,,,
一树梨花压海棠 Lolita,洛丽塔,爱在黎明破晓前,罗马假日,,,,,,,
罗马假日,泰坦尼克号,恋恋笔记本,爱乐之城,,,,,,,
革命之路 Revolutionary Road,爱在日落黄昏时,面纱,朗读者,蓝色情人节,恋恋笔记本,英国病人,偷心,,,
恋恋笔记本,爱在黎明破晓前,爱乐之城,,,,,,,,
和莎莫的500天,罗马假日,恋恋笔记本,一天,他其实没那么喜欢你,,,,,,
爱在黎明破晓前,,,,,,,,,,
爱在日落黄昏时,罗马假日,,,,,,,,,
时时刻刻,,,,,,,,,,
罗马假日,恋恋笔记本,,,,,,,,,
叫我第一名,,,,,,,,,,
蝴蝶君 M. Butterfly,迷恋荷尔蒙,,,,,,,,,
卡萨布兰卡,魂断蓝桥,面纱,天使之城,英国病人,走出非洲,朗读者,珍珠港,,,
蝴蝶梦 Rebecca,深闺疑云,美人计,,,,,,,,
恋恋笔记本,泰坦尼克号,暮光之城,,,,,,,,
木偶奇遇记,小鹿斑比,花木兰,,,,,,,,
蒂凡尼的早餐 Breakfast at Tiffany's,罗马假日,窈窕淑女,龙凤配,魂断蓝桥,人鬼情未了,爱在日落黄昏时,西雅图未眠夜,恋恋笔记本,,
这个男人来自地球,超时空接触,K星异客,千钧一发,第九区,降临,,,,,
我在雨中等你 The Art of Racing in the Rain,多哥,一条狗的使命,丛林赤子心,南极大冒险,,,,,,
初恋这首情歌 Sing Street,爱乐之城,爱在黎明破晓前,醉乡民谣,如晴天，似雨天,,,,,,
水牛城66 Buffalo '66,天堂陌影,安妮·霍尔,,,,,,,,
寻子遇仙记,城市之光,大独裁者,,,,,,,,
罗马假日,泰坦尼克号,爱乐之城,,,,,,,,
叫我第一名,荒岛余生,自闭历程,127小时,当幸福来敲门,,,,,,
赛末点 Match Point,曼哈顿,爱在日落黄昏时,安妮·霍尔,偷心,当哈利遇到莎莉,面纱,和莎莫的500天,,,
罗马假日,恋恋笔记本,泰坦尼克号,记忆碎片,,,,,,,
小妇人 Little Women,爱在黎明破晓前,爱乐之城,罗马假日,恋恋笔记本,,,,,,
和莎莫的500天 (500) Days of Summer,爱在日落黄昏时,他其实没那么喜欢你,恋恋笔记本,一天,当哈利遇到莎莉,,,,,
窈窕淑女 My Fair Lady,蒂凡尼的早餐,龙凤配,罗马假日,魂断蓝桥,爱在黎明破晓前,,,,,
走出非洲,英国病人,纯真年代,,,,,,,,
西雅图未眠夜,罗马假日,恋恋笔记本,人鬼情未了,天使之城,当哈利遇到莎莉,爱在日落黄昏时,他其实没那么喜欢你,,,
遇见你之前 Me Before You,恋恋笔记本,爱在黎明破晓前,罗马假日,一天,爱乐之城,他其实没那么喜欢你,,,,
爱在黎明破晓前,罗马假日,恋恋笔记本,蒂凡尼的早餐,,,,,,,
﻿,,,,,,,,,,
这个杀手不太冷 Léon,罗马假日,泰坦尼克号,恋恋笔记本,爱在黎明破晓前,剪刀手爱德华,猫鼠游戏,怦然心动,,,
指环王3：王者无敌 The Lord of the Rings: The Return of the King,指环王2：双塔奇兵,勇敢的心,少年派的奇幻漂流,大鱼,拯救大兵瑞恩,角斗士,,,,
蝙蝠侠：黑暗骑士 The Dark Knight,蝙蝠侠：黑暗骑士崛起,猫鼠游戏,盗梦空间,,,,,,,
指环王2：双塔奇兵 The Lord of the Rings: The Two Towers,少年派的奇幻漂流,勇敢的心,大鱼,角斗士,,,,,,
拯救大兵瑞恩,光荣之路,现代启示录,,,,,,,,
指环王1：护戒使者 The Lord of the Rings: The Fellowship of the Ring,指环王2：双塔奇兵,少年派的奇幻漂流,勇敢的心,大鱼,角斗士,,,,,
盗梦空间,这个男人来自地球,E.T.外星人,,,,,,,,
布达佩斯大饭店,,,,,,,,,,
搏击俱乐部 Fight Club,记忆碎片,七宗罪,禁闭岛,控方证人,沉默的羔羊,,,,,
记忆碎片,七宗罪,禁闭岛,控方证人,致命ID,猫鼠游戏,沉默的羔羊,,,,
勇敢的心 Braveheart,拯救大兵瑞恩,角斗士,辛德勒的名单,指环王3：王者无敌,与狼共舞,,,,,
盗梦空间,星际穿越,E.T.外星人,第九区,,,,,,,
少年派的奇幻漂流,大鱼,,,,,,,,,
蝙蝠侠：黑暗骑士崛起 The Dark Knight Rises,蝙蝠侠：侠影之谜,X战警：逆转未来,盗梦空间,,,,,,,
被解救的姜戈 Django Unchained,八恶人,低俗小说,搏击俱乐部,,,,,,,
这个男人来自地球,E.T.外星人,第九区,,,,,,,,
记忆碎片,禁闭岛,,,,,,,,,
美国往事,教父2,,,,,,,,,
星际穿越,盗梦空间,银翼杀手2049,,,,,,,,
E.T.外星人,第九区,我是传奇,,,,,,,,
X战警：逆转未来,蝙蝠侠：黑暗骑士崛起,,,,,,,,,
第九区,我是传奇,,,,,,,,,
记忆碎片,禁闭岛,,,,,,,,,
沉默的羔羊,致命ID,,,,,,,,,
罗马假日,,,,,,,,,,
教父3,美国往事,,,,,,,,,
拯救大兵瑞恩,拆弹部队,狂怒,1917,,,,,,,
记忆碎片,禁闭岛,,,,,,,,,
指环王2：双塔奇兵,少年派的奇幻漂流,惊天魔盗团,,,,,,,,
复仇者联盟4：终局之战 Avengers: Endgame,X战警：逆转未来,,,,,,,,,
空中监狱,国家公敌,,,,,,,,,
记忆碎片,一级恐惧,七宗罪,猫鼠游戏,,,,,,,
角斗士 Gladiator,勇敢的心,与狼共舞,拯救大兵瑞恩,指环王3：王者无敌,,,,,,
蝙蝠侠：侠影之谜 Batman Begins,蝙蝠侠：黑暗骑士崛起,X战警：逆转未来,,,,,,,,
黄海 황해,,,,,,,,,,
光荣之路,现代启示录,,,,,,,,,
蝙蝠侠：侠影之谜,X战警：逆转未来,,,,,,,,,
空中监狱,,,,,,,,,,
蝙蝠侠：黑暗骑士崛起,猫鼠游戏,,,,,,,,,
指环王2：双塔奇兵,少年派的奇幻漂流,惊天魔盗团,,,,,,,,
关山飞渡,,,,,,,,,,
蝙蝠侠：黑暗骑士崛起,猫鼠游戏,,,,,,,,,
蝙蝠侠：黑暗骑士崛起,,,,,,,,,,
少年派的奇幻漂流,惊天魔盗团,,,,,,,,,
少年派的奇幻漂流,惊天魔盗团,,,,,,,,,
启示 Apocalypto,国家公敌,空中监狱,角斗士,,,,,,,
被解救的姜戈,搏击俱乐部,八恶人,低俗小说,,,,,,,
银翼杀手2049 Blade Runner 2049,降临,这个男人来自地球,沙丘,第九区,,,,,,
我是传奇,,,,,,,,,,
第九区 District 9,这个男人来自地球,我是传奇,E.T.外星人,,,,,,,
金刚狼3：殊死一战 Logan,X战警：逆转未来,,,,,,,,,
王牌对王牌,洛城机密,盗火线,训练日,,,,,,,
E.T.外星人,,,,,,,,,,
美国X档案,天生杀人狂,搏击俱乐部,空中监狱,出租车司机,,,,,,
拯救大兵瑞恩,1917,,,,,,,,,
搏击俱乐部,记忆碎片,禁闭岛,,,,,,,,
盗火线 Heat,情枭的黎明,忠奸人,赌城风云,好家伙,疤面煞星,洛城机密,训练日,热天午后,美国黑帮,
铁甲钢拳 Real Steel,我是传奇,猩球崛起,X战警：逆转未来,,,,,,,
王牌对王牌 The Negotiator,洛城机密,火柴人,一级恐惧,大卫·戈尔的一生,局内人,守法公民,空中监狱,,,
关山飞渡,,,,,,,,,,
飓风营救 Taken,空中监狱,生死狙击,,,,,,,,
X战警：逆转未来,,,,,,,,,,
花木兰,,,,,,,,,,
X战警：逆转未来,我是传奇,第九区,,,,,,,,
爱尔兰人,巴斯特·斯克鲁格斯的歌谣,好莱坞往事,八恶人,低俗小说,猫鼠游戏,,,,,
X战警：逆转未来 X-Men: Days of Future Past,X战警：第一战,,,,,,,,,
我是传奇,,,,,,,,,,
X战警：第一战 X-Men: First Class,X战警：逆转未来,,,,,,,,,
西线无战事 Im Westen nichts Neues,1917,灰猎犬号,有史以来最棒的啤酒运送,拯救大兵瑞恩,,,,,,
我是传奇,,,,,,,,,,
花木兰,,,,,,,,,,
我是传奇,第九区,,,,,,,,,
X战警：逆转未来,,,,,,,,,,
X战警：逆转未来,,,,,,,,,,
猩球崛起 Rise of the Planet of the Apes,猩球崛起2：黎明之战,我是传奇,第九区,X战警：逆转未来,,,,,,
我是传奇,,,,,,,,,,
黑客帝国动画版 The Animatrix,数字复兴·上,侦探的故事,,,,,,,,
空中监狱 Con Air,空军一号,国家公敌,,,,,,,,
利刃出鞘,猫鼠游戏,网络谜踪,,,,,,,,
﻿,,,,,,,,,,
肖申克的救赎 The Shawshank Redemption,阿甘正传,当幸福来敲门,荒岛余生,心灵捕手,死亡诗社,美丽心灵,,,,
控方证人 Witness for the Prosecution,控方证人,记忆碎片,禁闭岛,十二怒汉,利刃出鞘,,,,,
这个杀手不太冷 Léon,罗马假日,泰坦尼克号,恋恋笔记本,爱在黎明破晓前,剪刀手爱德华,猫鼠游戏,怦然心动,,,
猫鼠游戏,教父,美国往事,低俗小说,,,,,,,
教父 The Godfather,教父2,美国往事,猫鼠游戏,低俗小说,,,,,,
教父2 The Godfather: Part II,教父3,美国往事,猫鼠游戏,低俗小说,爱尔兰人,,,,,
蝙蝠侠：黑暗骑士 The Dark Knight,蝙蝠侠：黑暗骑士崛起,猫鼠游戏,盗梦空间,,,,,,,
美国往事 Once Upon a Time in America,教父2,好家伙,低俗小说,爱尔兰人,赌城风云,,,,,
猫鼠游戏 Catch Me If You Can,华尔街之狼,七宗罪,血钻,小丑,沉默的羔羊,蝙蝠侠：黑暗骑士,教父,,,
低俗小说,摩登时代,布达佩斯大饭店,被解救的姜戈,,,,,,,
控方证人 Witness for the Prosecution,控方证人,十二怒汉（电视版）,记忆碎片,禁闭岛,利刃出鞘,,,,,
完美的世界 A Perfect World,猫鼠游戏,末路狂花,血钻,七宗罪,,,,,,
教父3 The Godfather: Part III,教父2,美国往事,猫鼠游戏,爱尔兰人,低俗小说,,,,,
美国往事,教父3,猫鼠游戏,搏击俱乐部,好家伙,低俗小说,出租车司机,,,,
热天午后,末路狂花,,,,,,,,,
沉默的羔羊 The Silence of the Lambs,七宗罪,致命ID,禁闭岛,记忆碎片,第六感,,,,,
低俗小说 Pulp Fiction,被解救的姜戈,美国往事,教父,八恶人,,,,,,
记忆碎片,七宗罪,禁闭岛,控方证人,致命ID,猫鼠游戏,沉默的羔羊,,,,
猫鼠游戏,七宗罪,血钻,,,,,,,,
末路狂花,七宗罪,出租车司机,沉默的羔羊,三块广告牌,教父3,低俗小说,,,,
猫鼠游戏,教父2,,,,,,,,,
绿里奇迹 The Green Mile,大鱼,少年派的奇幻漂流,本杰明·巴顿奇事,,,,,,,
末路狂花 Thelma &amp; Louise,猫鼠游戏,出租车司机,搏击俱乐部,老无所依,,,,,,
记忆碎片,控方证人,大卫·戈尔的一生,禁闭岛,一级恐惧,,,,,,
控方证人,禁闭岛,利刃出鞘,记忆碎片,网络谜踪,消失的爱人,七宗罪,,,,
热天午后,骗中骗,洛城机密,双重赔偿,,,,,,,
七宗罪 Se7en,记忆碎片,禁闭岛,沉默的羔羊,致命ID,搏击俱乐部,猫鼠游戏,,,,
蝙蝠侠：黑暗骑士崛起 The Dark Knight Rises,蝙蝠侠：侠影之谜,X战警：逆转未来,盗梦空间,,,,,,,
猫鼠游戏,末路狂花,歌厅,天才瑞普利,音乐之声,,,,,,
布达佩斯大饭店,低俗小说,巴斯特·斯克鲁格斯的歌谣,被解救的姜戈,,,,,,,
美国往事,教父2,,,,,,,,,
控方证人,记忆碎片,禁闭岛,十二怒汉,,,,,,,
爱尔兰人 The Irishman,好家伙,美国往事,教父3,猫鼠游戏,极速车王,华尔街之狼,赌城风云,,,
深闺疑云,,,,,,,,,,
热天午后,,,,,,,,,,
小丑 Joker,猫鼠游戏,沉默的羔羊,蝙蝠侠：黑暗骑士,七宗罪,搏击俱乐部,三块广告牌,爱尔兰人,,,
消失的爱人 Gone Girl,禁闭岛,记忆碎片,致命ID,七宗罪,控方证人,沉默的羔羊,利刃出鞘,,,
控方证人,记忆碎片,利刃出鞘,禁闭岛,网络谜踪,,,,,,
利刃出鞘,控方证人,记忆碎片,禁闭岛,网络谜踪,惊天魔盗团,,,,,
教父3,猫鼠游戏,,,,,,,,,
"三块广告牌 Three Billboards Outside Ebbing, Missouri",猫鼠游戏,利刃出鞘,低俗小说,,,,,,,
海边的曼彻斯特,,,,,,,,,,
猫鼠游戏,记忆碎片,七宗罪,控方证人,致命ID,禁闭岛,,,,,
记忆碎片 Memento,禁闭岛,七宗罪,蝴蝶效应,控方证人,,,,,,
洛城机密 L.A. Confidential,王牌对王牌,一级恐惧,大卫·戈尔的一生,火柴人,记忆碎片,控方证人,天才瑞普利,老无所依,,
十二怒汉（电视版） Studio One: Twelve Angry Men,控方证人,十二怒汉,记忆碎片,禁闭岛,大卫·戈尔的一生,一级恐惧,,,,
战争之王 Lord of War,拯救大兵瑞恩,拆弹部队,1917,,,,,,,
猫鼠游戏,,,,,,,,,,
教父3,美国往事,,,,,,,,,
无耻混蛋 Inglourious Basterds,拯救大兵瑞恩,被解救的姜戈,1917,低俗小说,,,,,,
低俗小说,梦之安魂曲,猫鼠游戏,末路狂花,老无所依,出租车司机,,,,,
发条橙 A Clockwork Orange,末路狂花,出租车司机,搏击俱乐部,天生杀人狂,被解救的姜戈,低俗小说,猫鼠游戏,,,
撞车 Crash,猫鼠游戏,老无所依,洛城机密,七宗罪,血钻,大卫·戈尔的一生,,,,
八恶人 The Hateful Eight,被解救的姜戈,低俗小说,出租车司机,巴斯特·斯克鲁格斯的歌谣,,,,,,
记忆碎片,洛城机密,一级恐惧,大卫·戈尔的一生,控方证人,七宗罪,王牌对王牌,禁闭岛,,,
猫鼠游戏,,,,,,,,,,
利刃出鞘,网络谜踪,控方证人,记忆碎片,,,,,,,
大卫·戈尔的一生 The Life of David Gale,一级恐惧,记忆碎片,控方证人,洛城机密,禁闭岛,七宗罪,,,,
热天午后 Dog Day Afternoon,冰血暴,情枭的黎明,骗中骗,疤面煞星,老无所依,洛城机密,出租车司机,好家伙,,
爱在黎明破晓前,罗马假日,,,,,,,,,
十二怒汉 12 Angry Men,控方证人,十二怒汉（电视版）,十二怒汉,记忆碎片,猫鼠游戏,七宗罪,,,,
王牌对王牌,洛城机密,盗火线,训练日,,,,,,,
沉默的羔羊,猫鼠游戏,七宗罪,致命ID,黑天鹅,,,,,,
记忆碎片,一级恐惧,七宗罪,猫鼠游戏,,,,,,,
网络谜踪 Searching,利刃出鞘,记忆碎片,控方证人,禁闭岛,消失的爱人,,,,,
蝙蝠侠：侠影之谜 Batman Begins,蝙蝠侠：黑暗骑士崛起,X战警：逆转未来,,,,,,,,
黄海 황해,,,,,,,,,,
空中监狱,,,,,,,,,,
蝙蝠侠：黑暗骑士崛起,猫鼠游戏,,,,,,,,,
一级恐惧 Primal Fear,记忆碎片,大卫·戈尔的一生,洛城机密,致命ID,控方证人,七宗罪,禁闭岛,,,
出租车司机 Taxi Driver,末路狂花,美国X档案,热天午后,天生杀人狂,八恶人,疤面煞星,搏击俱乐部,,,
低俗小说,,,,,,,,,,
禁闭岛,记忆碎片,利刃出鞘,蝴蝶效应,盗梦空间,,,,,,
蝙蝠侠：黑暗骑士崛起,猫鼠游戏,,,,,,,,,
控方证人,,,,,,,,,,
猫鼠游戏,套装,,,,,,,,,
控方证人,,,,,,,,,,
骗中骗 The Sting,热天午后,洛城机密,双重赔偿,冰血暴,唐人街,虎豹小霸王,,,,
盗火线 Heat,情枭的黎明,忠奸人,赌城风云,好家伙,疤面煞星,洛城机密,训练日,热天午后,美国黑帮,
蓝莓之夜,爱在黎明破晓前,,,,,,,,,
王牌对王牌 The Negotiator,洛城机密,火柴人,一级恐惧,大卫·戈尔的一生,局内人,守法公民,空中监狱,,,
西部往事 C'era una volta il West,不可饶恕,热天午后,虎豹小霸王,老无所依,骗中骗,赌城风云,,,,
好家伙 GoodFellas,赌城风云,疤面煞星,情枭的黎明,忠奸人,美国往事,爱尔兰人,教父3,盗火线,,
记忆碎片,控方证人,禁闭岛,,,,,,,,
低俗小说,八恶人,好家伙,出租车司机,疤面煞星,美国X档案,末路狂花,热天午后,,,
美国X档案,天生杀人狂,搏击俱乐部,空中监狱,出租车司机,,,,,,
美国X档案 American History X,第25小时,出租车司机,洛城机密,热天午后,老无所依,搏击俱乐部,一级恐惧,,,
猫鼠游戏,,,,,,,,,,
猫鼠游戏,低俗小说,被解救的姜戈,,,,,,,,
杀死一只知更鸟 To Kill a Mockingbird,控方证人,双重赔偿,唐人街,,,,,,,
被解救的姜戈,搏击俱乐部,八恶人,低俗小说,,,,,,,
情枭的黎明 Carlito's Way,疤面煞星,忠奸人,赌城风云,好家伙,热天午后,铁面无私,盗火线,美国黑帮,教父3,布朗克斯的故事
老无所依 No Country for Old Men,冰血暴,猫鼠游戏,沉默的羔羊,洛城机密,七宗罪,不可饶恕,,,,
超时空接触,K星异客,这个男人来自地球,,,,,,,,
飓风营救 Taken,空中监狱,生死狙击,,,,,,,,
爱尔兰人,巴斯特·斯克鲁格斯的歌谣,好莱坞往事,八恶人,低俗小说,猫鼠游戏,,,,,
沉默的羔羊,致命ID,小岛惊魂,万能钥匙,,,,,,,
罗斯玛丽的婴儿,,,,,,,,,,
夜行者 Nightcrawler,囚徒,老无所依,一级恐惧,洛城机密,龙纹身的女孩,,,,,
罗马假日,泰坦尼克号,爱在黎明破晓前,爱乐之城,,,,,,,
关山飞渡,,,,,,,,,,
利刃出鞘,控方证人,网络谜踪,禁闭岛,记忆碎片,,,,,,
利刃出鞘,网络谜踪,控方证人,猫鼠游戏,,,,,,,
猫鼠游戏,网络谜踪,,,,,,,,,
教父3,,,,,,,,,,
危情十日 Misery,罗斯玛丽的婴儿,小岛惊魂,万能钥匙,魔女嘉莉,,,,,,
水牛城66 Buffalo '66,天堂陌影,安妮·霍尔,,,,,,,,
网络谜踪,利刃出鞘,,,,,,,,,
记忆碎片,利刃出鞘,一级恐惧,禁闭岛,网络谜踪,致命ID,控方证人,,,,
八恶人,被解救的姜戈,危险关系,低俗小说,,,,,,,
空中监狱 Con Air,空军一号,国家公敌,,,,,,,,
唐人街 Chinatown,双重赔偿,洛城机密,,,,,,,,
天才瑞普利 The Talented Mr. Ripley,一级恐惧,洛城机密,火柴人,猫鼠游戏,大卫·戈尔的一生,记忆碎片,王牌对王牌,龙纹身的女孩,,
火柴人 Matchstick Men,王牌对王牌,洛城机密,猫鼠游戏,一级恐惧,天才瑞普利,大卫·戈尔的一生,老无所依,七宗罪,,
利刃出鞘 Knives Out,网络谜踪,控方证人,记忆碎片,禁闭岛,,,,,,
爱在黎明破晓前,,,,,,,,,,
疤面煞星 Scarface,情枭的黎明,忠奸人,好家伙,赌城风云,热天午后,教父3,盗火线,美国往事,,
华尔街之狼 The Wolf of Wall Street,猫鼠游戏,飞行家,极速车王,社交网络,为奴十二年,大空头,爱尔兰人,达拉斯买家俱乐部,老无所依,
空军一号,空中监狱,国家公敌,,,,,,,,
理查德·朱维尔的哀歌 Richard Jewell,极速车王,爱尔兰人,聚焦,社交网络,华盛顿邮报,骡子,,,,
被解救的姜戈,八恶人,搏击俱乐部,,,,,,,,
迷恋荷尔蒙 Soldier's Girl,平常的心,单身男子,欲盖弄潮,,,,,,,
双重赔偿 Double Indemnity,唐人街,日落大道,,,,,,,,
龙纹身的女孩 The Girl with the Dragon Tattoo,记忆碎片,十二宫,七宗罪,一级恐惧,禁闭岛,大卫·戈尔的一生,,,,
英国病人,,,,,,,,,,
杀手之吻,热天午后,双重赔偿,,,,,,,,
1917,,,,,,,,,,
大卫·戈尔的一生,洛城机密,记忆碎片,一级恐惧,龙纹身的女孩,囚徒,,,,,
赛末点 Match Point,曼哈顿,爱在日落黄昏时,安妮·霍尔,偷心,当哈利遇到莎莉,面纱,和莎莫的500天,,,
骗中骗,纸月亮,热天午后,喜剧之王,满城风雨,,,,,,
利刃出鞘,猫鼠游戏,网络谜踪,,,,,,,,
迫在眉梢 John Q,天伦之旅,雨人,勇士,训练日,火柴人,我是山姆,守法公民,,,
空军一号,空中监狱,国家公敌,,,,,,,,
猫鼠游戏,惊天魔盗团,,,,,,,,,
杀手没有假期 In Bruges,阅后即焚,热天午后,巴斯特·斯克鲁格斯的歌谣,,,,,,,
泰坦尼克号,,,,,,,,,,
猫鼠游戏,,,,,,,,,,
大佬 Brother,疤面煞星,好家伙,情枭的黎明,,,,,,,
空中监狱,,,,,,,,,,
控方证人,利刃出鞘,网络谜踪,禁闭岛,,,,,,,
囚徒 Prisoners,夜行者,一级恐惧,十二宫,大卫·戈尔的一生,龙纹身的女孩,洛城机密,记忆碎片,,,
自由作家 Freedom Writers,永不妥协,光荣之路,光辉岁月,追梦赤子心,百万美元宝贝,自闭历程,蒙娜丽莎的微笑,激辩风云,隐藏人物,
控方证人,,,,,,,,,,
赌城风云 Casino,好家伙,情枭的黎明,疤面煞星,忠奸人,穷街陋巷,美国黑帮,铁面无私,盗火线,爱尔兰人,
感谢你抽烟,,,,,,,,,,
美国田园下的罪恶 An American Crime,末路狂花,一级恐惧,夜行者,天才瑞普利,,,,,,
华尔街 Wall Street,抢钱大作战,猫鼠游戏,华尔街：金钱永不眠,洛城机密,老无所依,火柴人,赌城风云,骗中骗,王牌对王牌,
我自己的爱达荷,,,,,,,,,,
猫鼠游戏,,,,,,,,,,
守法公民 Law Abiding Citizen,王牌对王牌,局内人,火柴人,危情三日,洛城机密,一级恐惧,,,,
突袭2：暴徒 The Raid 2: Berandal,,,,,,,,,,
处刑人 The Boondock Saints,处刑人2,美国X档案,天生杀人狂,出租车司机,,,,,,
末路狂花,热天午后,唐人街,码头风云,,,,,,,
唐人街,,,,,,,,,,
赴汤蹈火 Hell or High Water,边境杀手,老无所依,冰血暴,劫匪,不可饶恕,夜行者,洛城机密,恐袭波士顿,骡子,
惊天魔盗团,蝙蝠侠：黑暗骑士崛起,,,,,,,,,
男孩别哭 Boys Don't Cry,为你钟情2,面子,高潮艺术,被拒人生,,,,,,
边缘日记 The Basketball Diaries,飞行家,猫鼠游戏,华尔街之狼,社交网络,胡佛,极速车王,末路狂花,血钻,,
欲盖弄潮,,,,,,,,,,
猫鼠游戏,惊天魔盗团,,,,,,,,,
记忆碎片,一级恐惧,心理游戏,禁闭岛,致命ID,万能钥匙,七宗罪,王牌对王牌,,,
冰血暴 Fargo,缺席的人,老无所依,热天午后,血迷宫,唐人街,洛城机密,美国X档案,末路狂花,,
猫鼠游戏,空中监狱,火柴人,王牌对王牌,,,,,,,
爱尔兰人,赴汤蹈火,理查德·朱维尔的哀歌,骡子,小丑,原钻,,,,,
训练日 Training Day,美国黑帮,盗火线,局内人,借刀杀人,空中监狱,王牌对王牌,洛城机密,,,
擒凶记,深闺疑云,辣手摧花,,,,,,,,
八恶人,巴斯特·斯克鲁格斯的歌谣,低俗小说,好莱坞往事,,,,,,,
超时空接触,这个男人来自地球,我是传奇,第九区,,,,,,,
续命之徒：绝命毒师电影 El Camino: A Breaking Bad Movie,猫鼠游戏,老无所依,小丑,赴汤蹈火,爱尔兰人,骡子,华尔街之狼,,,
虎豹小霸王 Butch Cassidy and the Sundance Kid,正午,关山飞渡,骗中骗,,,,,,,
骡子 The Mule,猫鼠游戏,网络谜踪,赴汤蹈火,老无所依,利刃出鞘,恐袭波士顿,,,,
惊天魔盗团 Now You See Me,惊天魔盗团2,猫鼠游戏,利刃出鞘,七宗罪,禁闭岛,,,,,
双重赔偿,,,,,,,,,,
蓝莓之夜,,,,,,,,,,
天生杀人狂 Natural Born Killers,出租车司机,末路狂花,美国X档案,搏击俱乐部,,,,,,
边境杀手,,,,,,,,,,
亡命天涯,,,,,,,,,,
记忆碎片,禁闭岛,,,,,,,,,
边境杀手,,,,,,,,,,
套装,爱尔兰人,骡子,,,,,,,,
精英部队 Tropa de Elite,边境杀手,训练日,盗火线,洛城机密,王牌对王牌,赴汤蹈火,,,,
星尘往事,解构爱情狂,,,,,,,,,
猫鼠游戏,,,,,,,,,,
擒凶记,深闺疑云,辣手摧花,,,,,,,,
疤面煞星,好家伙,,,,,,,,,
神秘河 Mystic River,洛城机密,心理游戏,一级恐惧,换子疑云,大卫·戈尔的一生,唐人街,囚徒,,,
亡命天涯 The Fugitive,空军一号,空中监狱,国家公敌,蒸发密令,,,,,,
美国往事,教父,,,,,,,,,
沉默的羔羊,一级恐惧,致命ID,小岛惊魂,七宗罪,万能钥匙,,,,,
空中监狱,空军一号,国家公敌,,,,,,,,
阅后即焚,严肃的男人,缺席的人,巴斯特·斯克鲁格斯的歌谣,,,,,,,
边境杀手 Sicario,边境杀手2：边境战士,赴汤蹈火,囚徒,老无所依,,,,,,
记忆碎片,利刃出鞘,禁闭岛,龙纹身的女孩,惊天魔盗团,七宗罪,,,,,
猫鼠游戏,,,,,,,,,,
美国精神病人 American Psycho,一级恐惧,老无所依,十二宫,危情十日,天才瑞普利,,,,,
美国黑帮 American Gangster,忠奸人,赌城风云,训练日,情枭的黎明,好家伙,毁灭之路,疤面煞星,纽约黑帮,盗火线,无间道风云
猎凶风河谷 Wind River,赴汤蹈火,边境杀手,囚徒,夜行者,套装,恐袭波士顿,老无所依,利刃出鞘,,
美国X档案,天才瑞普利,末路狂花,一级恐惧,龙纹身的女孩,七宗罪,梦之安魂曲,聚焦,,,
大象 Elephant,天生杀人狂,出租车司机,末路狂花,搏击俱乐部,,,,,,
感谢你抽烟,,,,,,,,,,
火柴人,局内人,王牌对王牌,,,,,,,,
热天午后,感谢你抽烟,,,,,,,,,
双重赔偿,桃色血案,唐人街,,,,,,,,
