沉默的羔羊,,,,
沉默的羔羊,,,,
沉默的羔羊,,,,
搏击俱乐部 Fight Club,沉默的羔羊,,,
末路狂花,,,,
沉默的羔羊,,,,
沉默的羔羊 The Silence of the Lambs,,,,
落水狗,,,,
落水狗,,,,
沉默的羔羊,,,,
第六感 The Sixth Sense,沉默的羔羊,,,
末路狂花,沉默的羔羊,,,
七宗罪 Se7en,沉默的羔羊,,,
千钧一发 Gattaca,,,,
末路狂花,,,,
侏罗纪公园,,,,
冰血暴,沉默的羔羊,落水狗,,
搏击俱乐部 Fight Club,沉默的羔羊,,,
沉默的羔羊,,,,
落水狗,,,,
碟中谍,,,,
侏罗纪公园,,,,
碟中谍,,,,
沉默的羔羊,,,,
碟中谍,,,,
生死时速,碟中谍,虎胆龙威,,
银翼杀手,,,,
变脸 Face/Off,生死时速,碟中谍,,
落水狗,,,,
银翼杀手,,,,
侏罗纪公园,,,,
侏罗纪公园,银翼杀手,,,
落水狗,,,,
盗火线 Heat,情枭的黎明,疤面煞星,,
王牌对王牌 The Negotiator,,,,
侏罗纪公园,银翼杀手,,,
侏罗纪公园,,,,
侏罗纪公园,银翼杀手,,,
侏罗纪公园,,,,
终结者 The Terminator,侏罗纪公园,,,
空中监狱 Con Air,生死时速,断箭,,
侏罗纪公园,银翼杀手,,,
沉默的羔羊,,,,
末路狂花,,,,
落水狗,,,,
末路狂花,,,,
沉默的羔羊 The Silence of the Lambs,,,,
落水狗,,,,
沉默的羔羊,,,,
末路狂花,沉默的羔羊,,,
末路狂花 Thelma &amp; Louise,落水狗,,,
七宗罪 Se7en,沉默的羔羊,,,
末路狂花,天才瑞普利,,,
沉默的羔羊,,,,
沉默的羔羊,,,,
洛城机密 L.A. Confidential,天才瑞普利,,,
落水狗,末路狂花,,,
末路狂花,落水狗,,,
落水狗,,,,
非常嫌疑犯 The Usual Suspects,,,,
冰血暴,情枭的黎明,疤面煞星,落水狗,
沉默的羔羊,,,,
变脸 Face/Off,生死时速,碟中谍,,
落水狗,末路狂花,疤面煞星,,
落水狗,,,,
冰血暴,,,,
盗火线 Heat,情枭的黎明,疤面煞星,,
王牌对王牌 The Negotiator,,,,
疤面煞星,情枭的黎明,落水狗,,
落水狗 Reservoir Dogs,疤面煞星,末路狂花,,
落水狗,,,,
落水狗,,,,
落水狗,,,,
情枭的黎明 Carlito's Way,疤面煞星,铁面无私,,
冰血暴,沉默的羔羊,落水狗,,
沉默的羔羊,,,,
危情十日 Misery,,,,
落水狗,危险关系,,,
空中监狱 Con Air,生死时速,断箭,,
天才瑞普利 The Talented Mr. Ripley,,,,
天才瑞普利,,,,
疤面煞星 Scarface,情枭的黎明,落水狗,,
生死时速 Speed,断箭,虎胆龙威,碟中谍,
落水狗,碟中谍,,,
虎胆龙威 Die Hard,虎胆龙威2,生死时速,碟中谍,断箭
疤面煞星,情枭的黎明,,,
死亡约会,,,,
情枭的黎明,疤面煞星,铁面无私,,
末路狂花,天才瑞普利,,,
处刑人 The Boondock Saints,落水狗,,,
末路狂花,,,,
冰血暴,,,,
末路狂花,,,,
冰血暴 Fargo,落水狗,末路狂花,,
末路狂花,落水狗,,,
疤面煞星,,,,
亡命天涯 The Fugitive,生死时速,虎胆龙威,断箭,
沉默的羔羊,,,,
偷天陷阱 Entrapment,生死时速,断箭,,
危情十日,天才瑞普利,,,
情枭的黎明,疤面煞星,,,
天才瑞普利,末路狂花,,,
末路狂花,落水狗,,,
