这个杀手不太冷 Léon,,,
飓风营救,,,
﻿,,,
飓风营救,,,
﻿,,,
这个杀手不太冷 Léon,,,
谍影重重3 The Bourne Ultimatum,飓风营救,,
终结者2：审判日 Terminator 2: Judgment Day,,,
飓风营救,,,
猎杀U-571,,,
飓风营救,,,
飓风营救,,,
乱,,,
飓风营救,,,
飓风营救,,,
飓风营救,,,
飓风营救,暴力街区,,
飓风营救,,,
飓风营救 Taken,飓风营救2,暴力街区,
生化危机 Resident Evil,,,
碟中谍6：全面瓦解 Mission: Impossible - Fallout,,,
第五元素,,,
飓风营救,,,
第五元素,,,
飓风营救,,,
﻿,,,
这个杀手不太冷 Léon,,,
飓风营救,,,
飓风营救,,,
飓风营救,,,
飓风营救 Taken,飓风营救2,暴力街区,
飓风营救,,,
飓风营救,,,
飓风营救,,,
暴力街区 Banlieue 13,暴力街区13：终极,玩命快递,飓风营救
飓风营救,暴力街区,,
暴力街区,,,
玩命快递,,,
飓风营救,安娜,,
第五元素,,,
飓风营救,安娜,,
佐罗,,,
飓风营救,安娜,,
的士速递 Taxi,的士速递2,,
飓风营救,,,
飓风营救,,,
